flight_number,airline_id,origin_id,destination_id,departure_time,duration,arrival_time
AR170,2025,755,2665,2022-06-26T17:28:56Z,881,2022-06-27T08:09:56Z
RE350,1834,4596,1865,2023-02-16T07:35:40Z,909,2023-02-16T22:44:40Z
TQ477,1594,2610,4640,2022-09-19T04:53:47Z,417,2022-09-19T11:50:47Z
IG727,4618,3370,1234,2023-02-22T03:20:39Z,830,2023-02-22T17:10:39Z
PT956,1013,1098,6204,2022-08-25T10:28:45Z,945,2022-08-26T02:13:45Z
SP284,2822,5813,5004,2022-09-27T07:07:39Z,518,2022-09-27T15:45:39Z
WF415,1398,1367,2475,2022-08-11T11:13:11Z,641,2022-08-11T21:54:11Z
VJ408,3174,6989,2647,2023-03-23T07:08:45Z,148,2023-03-23T09:36:45Z
OI350,5887,7604,5023,2022-06-26T04:03:58Z,953,2022-06-26T19:56:58Z
SM061,3394,5146,3537,2023-01-04T07:20:17Z,741,2023-01-04T19:41:17Z
ZC481,3370,7694,7339,2022-09-22T00:51:12Z,933,2022-09-22T16:24:12Z
TP310,3473,5745,4770,2022-05-06T10:49:40Z,176,2022-05-06T13:45:40Z
CC035,4049,5874,4356,2022-06-29T07:26:06Z,401,2022-06-29T14:07:06Z
QJ123,3049,5836,7099,2022-10-10T02:31:54Z,892,2022-10-10T17:23:54Z
KD433,2515,7031,2325,2022-06-10T11:08:41Z,193,2022-06-10T14:21:41Z
PW628,2622,3619,2509,2022-11-16T20:51:08Z,264,2022-11-17T01:15:08Z
ZL253,884,7555,1587,2022-12-31T08:54:22Z,652,2022-12-31T19:46:22Z
WY638,2564,6920,570,2023-03-15T21:13:29Z,673,2023-03-16T08:26:29Z
GJ690,5314,3012,2237,2022-11-15T03:24:16Z,280,2022-11-15T08:04:16Z
OI292,1921,4819,7487,2023-01-07T04:56:39Z,325,2023-01-07T10:21:39Z
CX556,5637,3798,3379,2022-09-11T12:40:10Z,310,2022-09-11T17:50:10Z
BG056,2697,1981,6706,2022-09-02T02:47:54Z,124,2022-09-02T04:51:54Z
QL657,1455,7414,5448,2023-01-08T23:53:12Z,822,2023-01-09T13:35:12Z
EC683,2341,7091,6622,2022-04-26T18:31:16Z,898,2022-04-27T09:29:16Z
JA461,2167,7392,276,2022-05-16T11:44:32Z,763,2022-05-17T00:27:32Z
NI288,4365,5374,462,2023-01-29T02:33:58Z,732,2023-01-29T14:45:58Z
EQ772,4770,949,1415,2022-07-13T11:48:32Z,471,2022-07-13T19:39:32Z
CQ136,3000,6854,4588,2022-11-11T03:51:34Z,259,2022-11-11T08:10:34Z
AN526,1929,3199,1359,2022-09-03T04:07:02Z,665,2022-09-03T15:12:02Z
PB908,2171,4578,283,2022-05-15T09:40:28Z,421,2022-05-15T16:41:28Z
JG284,6152,851,2652,2023-02-25T05:55:45Z,922,2023-02-25T21:17:45Z
FV156,95,7644,6530,2022-09-03T19:24:47Z,231,2022-09-03T23:15:47Z
CW752,1105,5,6147,2022-09-06T13:27:25Z,938,2022-09-07T05:05:25Z
NL318,5357,2560,2764,2022-12-30T17:13:42Z,299,2022-12-30T22:12:42Z
UB628,171,7546,3505,2022-06-07T14:54:46Z,229,2022-06-07T18:43:46Z
QX839,1686,7143,6441,2023-04-05T01:44:46Z,425,2023-04-05T08:49:46Z
TN086,2683,306,4391,2022-09-29T09:51:11Z,591,2022-09-29T19:42:11Z
NG078,4516,7256,7238,2022-09-18T13:20:45Z,329,2022-09-18T18:49:45Z
IW007,1720,6276,6920,2022-09-24T18:50:14Z,521,2022-09-25T03:31:14Z
WZ024,715,2421,3889,2022-11-21T04:20:33Z,551,2022-11-21T13:31:33Z
DU820,5589,4313,4194,2023-03-15T07:37:59Z,791,2023-03-15T20:48:59Z
GD731,3487,1394,2468,2022-11-18T11:07:29Z,331,2022-11-18T16:38:29Z
SQ438,1276,1132,1488,2023-02-02T07:23:00Z,719,2023-02-02T19:22:00Z
IV329,705,4637,3779,2022-08-12T09:49:50Z,774,2022-08-12T22:43:50Z
SV352,4819,5401,2816,2022-07-28T09:35:21Z,436,2022-07-28T16:51:21Z
DF598,4813,4703,515,2023-02-20T21:50:08Z,332,2023-02-21T03:22:08Z
AK741,3624,5194,6847,2023-03-25T09:14:35Z,150,2023-03-25T11:44:35Z
EZ977,1850,5828,148,2022-09-29T15:39:57Z,697,2022-09-30T03:16:57Z
RK682,3693,92,1666,2022-12-05T20:06:19Z,630,2022-12-06T06:36:19Z
NY396,1998,2443,7311,2022-10-23T20:51:14Z,421,2022-10-24T03:52:14Z
KV810,5810,932,2332,2023-03-24T12:13:40Z,139,2023-03-24T14:32:40Z
QH324,5780,5570,3846,2022-09-09T06:47:19Z,654,2022-09-09T17:41:19Z
IK988,3083,4005,3829,2022-12-23T21:52:20Z,772,2022-12-24T10:44:20Z
RM059,3793,5871,6070,2022-11-15T17:42:31Z,298,2022-11-15T22:40:31Z
DR490,1903,3175,1956,2022-10-05T22:06:33Z,770,2022-10-06T10:56:33Z
EQ161,511,1049,2856,2022-11-16T15:36:00Z,659,2022-11-17T02:35:00Z
MA824,635,143,5257,2023-01-15T23:32:43Z,619,2023-01-16T09:51:43Z
XK675,5792,1328,188,2022-09-20T18:12:02Z,716,2022-09-21T06:08:02Z
PP582,788,6262,6702,2022-07-30T23:31:25Z,627,2022-07-31T09:58:25Z
WX078,3182,6200,238,2022-12-16T21:40:16Z,828,2022-12-17T11:28:16Z
BJ400,1480,7201,7001,2023-03-01T14:08:25Z,546,2023-03-01T23:14:25Z
KV540,3515,1703,3350,2022-09-29T00:10:50Z,457,2022-09-29T07:47:50Z
UH140,1193,2919,4642,2023-03-25T02:43:29Z,640,2023-03-25T13:23:29Z
KZ081,5209,4888,5142,2022-09-30T21:13:41Z,486,2022-10-01T05:19:41Z
YF704,3043,2503,4549,2022-10-29T11:21:43Z,177,2022-10-29T14:18:43Z
CU534,2676,5998,3713,2022-05-21T21:51:22Z,399,2022-05-22T04:30:22Z
HM960,4112,1241,3054,2023-02-12T13:31:36Z,678,2023-02-13T00:49:36Z
VS619,4032,7495,5845,2022-12-01T10:18:40Z,153,2022-12-01T12:51:40Z
TH266,5379,6927,3109,2022-10-15T06:49:41Z,773,2022-10-15T19:42:41Z
CX695,3215,1941,4626,2023-02-06T14:26:58Z,320,2023-02-06T19:46:58Z
FB877,4576,7619,7191,2023-02-02T20:25:20Z,891,2023-02-03T11:16:20Z
HH732,5203,4949,5882,2022-10-22T04:58:44Z,195,2022-10-22T08:13:44Z
KW793,449,351,2108,2023-02-17T23:35:42Z,827,2023-02-18T13:22:42Z
MX964,4875,3616,6388,2022-08-30T15:14:40Z,903,2022-08-31T06:17:40Z
RU145,763,2074,5687,2023-03-06T15:07:32Z,773,2023-03-07T04:00:32Z
QS368,3427,6007,2494,2022-12-12T06:52:48Z,253,2022-12-12T11:05:48Z
BV337,5605,4210,7390,2022-07-26T09:19:23Z,839,2022-07-26T23:18:23Z
PT029,6051,7096,837,2022-04-26T04:33:38Z,536,2022-04-26T13:29:38Z
RD655,1300,1791,6013,2022-06-19T14:25:35Z,869,2022-06-20T04:54:35Z
YR071,4044,4589,5157,2023-01-16T10:40:42Z,849,2023-01-17T00:49:42Z
KJ557,1104,396,7589,2023-01-08T09:23:09Z,613,2023-01-08T19:36:09Z
OT516,2644,4075,5503,2022-06-06T09:59:50Z,729,2022-06-06T22:08:50Z
OX763,5768,818,4217,2022-04-21T10:00:20Z,177,2022-04-21T12:57:20Z
MF799,3675,478,846,2022-10-01T07:54:38Z,922,2022-10-01T23:16:38Z
CB812,3589,2155,622,2022-07-19T03:10:51Z,136,2022-07-19T05:26:51Z
AL896,4888,2112,3208,2022-09-18T01:57:28Z,546,2022-09-18T11:03:28Z
TK458,982,5387,7241,2022-11-16T04:13:58Z,932,2022-11-16T19:45:58Z
ID927,3591,7691,6914,2022-10-07T10:15:52Z,612,2022-10-07T20:27:52Z
BC329,2798,2716,5579,2022-10-07T13:08:52Z,909,2022-10-08T04:17:52Z
XG146,1186,6460,7018,2022-10-18T14:24:51Z,674,2022-10-19T01:38:51Z
IH209,1799,6877,2898,2022-05-08T23:34:59Z,381,2022-05-09T05:55:59Z
TO150,2735,1716,5079,2023-03-14T22:13:51Z,929,2023-03-15T13:42:51Z
KU785,5043,5115,5125,2023-03-20T00:22:55Z,380,2023-03-20T06:42:55Z
JS127,5445,1932,940,2022-04-24T00:38:50Z,749,2022-04-24T13:07:50Z
SM986,2913,2990,2361,2022-12-17T15:18:54Z,367,2022-12-17T21:25:54Z
WB081,6151,1897,6285,2022-08-19T16:54:07Z,373,2022-08-19T23:07:07Z
ZF409,3414,5853,7262,2023-02-02T02:21:32Z,183,2023-02-02T05:24:32Z
ZX040,4129,3934,5974,2022-10-06T20:47:50Z,763,2022-10-07T09:30:50Z
KR215,1951,6566,4941,2023-02-25T05:10:15Z,229,2023-02-25T08:59:15Z
ES133,3310,4528,4700,2022-08-02T21:35:17Z,800,2022-08-03T10:55:17Z
QI636,5166,5472,1983,2022-10-02T00:41:32Z,889,2022-10-02T15:30:32Z
VS274,1333,7062,6798,2022-04-23T08:24:06Z,424,2022-04-23T15:28:06Z
YF053,290,1892,419,2022-09-13T22:32:15Z,214,2022-09-14T02:06:15Z
WW009,686,3163,5751,2022-11-14T11:14:04Z,893,2022-11-15T02:07:04Z
HQ803,4888,7161,5308,2022-10-08T14:35:48Z,238,2022-10-08T18:33:48Z
YN383,1727,6199,7664,2023-03-02T00:58:00Z,952,2023-03-02T16:50:00Z
PR162,4441,631,7571,2022-11-23T14:42:08Z,494,2022-11-23T22:56:08Z
OY052,3303,4994,2199,2022-08-29T12:22:58Z,308,2022-08-29T17:30:58Z
KM712,1340,853,1893,2022-05-20T15:02:56Z,288,2022-05-20T19:50:56Z
HB734,3244,6088,7101,2023-01-27T18:26:27Z,390,2023-01-28T00:56:27Z
SQ867,1592,3371,3873,2022-05-22T03:17:53Z,933,2022-05-22T18:50:53Z
RI409,1318,1889,5692,2022-09-04T14:42:43Z,236,2022-09-04T18:38:43Z
TA583,2299,6845,2711,2023-01-30T13:23:16Z,829,2023-01-31T03:12:16Z
CH044,4824,5322,3271,2022-12-10T20:34:25Z,854,2022-12-11T10:48:25Z
IE580,2034,2774,1251,2022-07-20T13:49:30Z,626,2022-07-21T00:15:30Z
PM006,3425,539,3530,2023-03-12T13:28:04Z,304,2023-03-12T18:32:04Z
LC420,2642,132,1727,2022-08-03T20:55:21Z,758,2022-08-04T09:33:21Z
OU454,5024,6854,7059,2023-01-30T15:53:12Z,387,2023-01-30T22:20:12Z
LM009,300,1858,5356,2022-07-03T11:48:10Z,363,2022-07-03T17:51:10Z
HM856,1953,1163,3060,2022-10-21T22:02:53Z,319,2022-10-22T03:21:53Z
JT343,4187,5313,4872,2023-02-12T21:27:59Z,745,2023-02-13T09:52:59Z
FC776,3445,7007,951,2022-12-13T21:23:58Z,370,2022-12-14T03:33:58Z
DC503,1128,2141,2601,2022-05-29T18:01:06Z,287,2022-05-29T22:48:06Z
RN240,5441,7601,5708,2022-11-20T13:16:53Z,654,2022-11-21T00:10:53Z
RS516,1907,7094,651,2022-06-22T15:48:18Z,199,2022-06-22T19:07:18Z
NJ630,2382,6574,3568,2022-10-29T17:57:48Z,406,2022-10-30T00:43:48Z
SX996,4025,2844,1032,2022-05-30T13:19:04Z,554,2022-05-30T22:33:04Z
CV242,5266,2768,2514,2023-04-09T15:14:13Z,666,2023-04-10T02:20:13Z
UM741,3090,2701,5824,2022-06-05T05:39:29Z,872,2022-06-05T20:11:29Z
IV356,4482,352,2631,2022-08-21T10:01:24Z,917,2022-08-22T01:18:24Z
XO856,5649,4163,52,2022-09-26T04:26:38Z,352,2022-09-26T10:18:38Z
IY236,4580,1552,1086,2022-06-07T11:34:40Z,498,2022-06-07T19:52:40Z
VS881,532,1553,7430,2022-08-15T16:06:59Z,585,2022-08-16T01:51:59Z
NU144,5488,3225,4736,2023-02-09T18:22:06Z,690,2023-02-10T05:52:06Z
LK315,533,4379,3534,2022-06-11T11:41:55Z,381,2022-06-11T18:02:55Z
TW218,1752,2059,1149,2022-07-16T00:12:05Z,705,2022-07-16T11:57:05Z
CR181,2645,1191,6826,2022-06-26T16:43:24Z,862,2022-06-27T07:05:24Z
NA165,4519,1076,6688,2022-05-12T15:13:33Z,926,2022-05-13T06:39:33Z
TB790,3229,4263,6003,2022-11-29T07:30:50Z,134,2022-11-29T09:44:50Z
OZ851,1452,3336,3851,2022-06-16T19:37:53Z,752,2022-06-17T08:09:53Z
GY528,3210,7517,236,2022-10-21T11:11:31Z,372,2022-10-21T17:23:31Z
WS056,641,1689,483,2022-10-18T12:52:07Z,502,2022-10-18T21:14:07Z
UA045,2702,4395,3322,2022-12-16T13:06:34Z,505,2022-12-16T21:31:34Z
JP792,4670,6413,3502,2022-08-25T10:34:01Z,208,2022-08-25T14:02:01Z
UU107,837,3427,3047,2022-09-17T03:20:40Z,485,2022-09-17T11:25:40Z
KB755,3328,796,682,2022-06-28T20:56:31Z,718,2022-06-29T08:54:31Z
JI649,5299,1911,4550,2022-07-31T00:01:59Z,627,2022-07-31T10:28:59Z
FU869,5634,5117,6344,2023-03-05T06:46:57Z,696,2023-03-05T18:22:57Z
EO692,5485,5570,1835,2022-11-26T06:17:13Z,727,2022-11-26T18:24:13Z
GY323,3777,7233,271,2023-03-29T10:13:37Z,435,2023-03-29T17:28:37Z
RJ845,4565,1774,1614,2022-04-27T18:49:48Z,318,2022-04-28T00:07:48Z
CN262,5568,3506,5368,2022-12-12T13:10:47Z,224,2022-12-12T16:54:47Z
HQ281,1470,388,5145,2023-03-16T12:57:30Z,472,2023-03-16T20:49:30Z
KR592,2905,323,4987,2022-05-18T15:20:43Z,531,2022-05-19T00:11:43Z
ON058,2231,6864,602,2022-11-25T10:22:48Z,558,2022-11-25T19:40:48Z
QV341,3169,1648,5395,2022-07-13T10:48:28Z,453,2022-07-13T18:21:28Z
CU103,1476,6291,5235,2022-07-08T09:40:56Z,366,2022-07-08T15:46:56Z
QD399,497,4006,5008,2022-05-22T15:11:39Z,358,2022-05-22T21:09:39Z
HR882,5540,5659,66,2022-06-28T04:13:06Z,867,2022-06-28T18:40:06Z
RE111,4391,1223,2513,2022-06-07T21:00:09Z,377,2022-06-08T03:17:09Z
QP171,2558,7618,4532,2022-06-28T07:57:28Z,922,2022-06-28T23:19:28Z
VK928,1467,7563,3675,2022-04-21T09:24:24Z,321,2022-04-21T14:45:24Z
XP290,4094,4799,2860,2023-01-14T01:34:42Z,661,2023-01-14T12:35:42Z
JH125,1320,2851,25,2023-02-14T04:57:27Z,919,2023-02-14T20:16:27Z
LX087,1066,2277,6902,2022-12-05T14:18:47Z,383,2022-12-05T20:41:47Z
LE704,3975,5359,5346,2022-06-04T02:33:38Z,956,2022-06-04T18:29:38Z
RA685,2104,53,6337,2022-08-05T11:50:42Z,420,2022-08-05T18:50:42Z
CW416,5351,6013,1516,2023-04-10T10:25:40Z,251,2023-04-10T14:36:40Z
CC609,1747,4035,405,2023-02-04T09:26:59Z,953,2023-02-05T01:19:59Z
TG997,4702,4055,1025,2022-08-25T12:04:08Z,627,2022-08-25T22:31:08Z
HA555,96,842,5037,2022-09-11T13:11:35Z,600,2022-09-11T23:11:35Z
PJ820,6038,4019,5906,2022-10-21T01:21:50Z,663,2022-10-21T12:24:50Z
JT182,1437,4195,1381,2022-10-26T06:00:24Z,620,2022-10-26T16:20:24Z
BV439,1167,2749,2627,2022-10-16T08:02:32Z,564,2022-10-16T17:26:32Z
WJ359,961,5062,54,2022-05-12T09:14:19Z,496,2022-05-12T17:30:19Z
BH439,5174,6804,6441,2023-01-31T01:56:14Z,572,2023-01-31T11:28:14Z
UE972,239,3401,4961,2022-07-19T06:58:27Z,724,2022-07-19T19:02:27Z
AF717,2474,4688,861,2022-11-17T05:05:12Z,812,2022-11-17T18:37:12Z
EH569,3649,1456,1424,2023-01-03T20:12:02Z,682,2023-01-04T07:34:02Z
QV200,5925,7668,6369,2023-04-09T04:03:33Z,361,2023-04-09T10:04:33Z
GW813,1522,5828,1896,2022-09-27T17:01:27Z,565,2022-09-28T02:26:27Z
SE707,1185,3949,6221,2022-06-29T06:07:34Z,177,2022-06-29T09:04:34Z
OY102,77,544,5355,2023-02-24T11:06:18Z,402,2023-02-24T17:48:18Z
FB876,3928,1190,2163,2022-12-07T13:20:14Z,449,2022-12-07T20:49:14Z
DZ516,5181,4383,4456,2022-05-29T15:54:19Z,896,2022-05-30T06:50:19Z
FA922,1844,6434,4449,2022-07-10T04:53:27Z,903,2022-07-10T19:56:27Z
DC734,2241,4213,2833,2022-11-28T06:42:22Z,289,2022-11-28T11:31:22Z
DE712,4957,2405,64,2022-04-29T01:12:30Z,245,2022-04-29T05:17:30Z
ZR022,1284,7294,1575,2023-02-08T23:21:45Z,600,2023-02-09T09:21:45Z
UP741,5343,3355,1106,2022-05-11T19:43:01Z,335,2022-05-12T01:18:01Z
NI891,3054,7285,6467,2023-02-27T15:18:33Z,623,2023-02-28T01:41:33Z
QN755,4413,1356,3109,2023-01-05T19:17:43Z,464,2023-01-06T03:01:43Z
RP515,4883,3942,4333,2023-02-19T04:21:02Z,707,2023-02-19T16:08:02Z
AI923,5185,270,3541,2023-02-23T21:01:23Z,426,2023-02-24T04:07:23Z
KC300,320,3704,561,2022-05-19T05:06:59Z,554,2022-05-19T14:20:59Z
EW775,1516,4906,5128,2022-05-01T23:54:02Z,451,2022-05-02T07:25:02Z
ZX483,3070,6536,247,2022-12-07T13:33:47Z,343,2022-12-07T19:16:47Z
VN942,3856,3789,2293,2022-12-17T10:17:49Z,425,2022-12-17T17:22:49Z
JD916,1286,2682,7658,2022-05-19T04:49:27Z,663,2022-05-19T15:52:27Z
QJ522,4952,2908,574,2022-07-24T16:47:23Z,384,2022-07-24T23:11:23Z
CQ517,1187,1914,5881,2022-10-22T04:31:12Z,260,2022-10-22T08:51:12Z
PJ249,2553,919,6870,2022-09-20T14:44:21Z,194,2022-09-20T17:58:21Z
FD205,5,1996,1938,2022-11-09T12:23:29Z,635,2022-11-09T22:58:29Z
HZ012,1746,342,1505,2022-06-03T09:07:01Z,496,2022-06-03T17:23:01Z
JP131,614,1636,1664,2023-02-15T18:29:49Z,361,2023-02-16T00:30:49Z
NX220,111,2088,2849,2022-09-17T13:08:17Z,903,2022-09-18T04:11:17Z
FJ618,1040,2963,6558,2023-03-17T09:46:38Z,874,2023-03-18T00:20:38Z
MV154,3257,541,5424,2022-10-13T20:15:18Z,350,2022-10-14T02:05:18Z
LT012,1806,1170,1399,2023-03-09T21:08:11Z,372,2023-03-10T03:20:11Z
KO531,2190,732,1279,2022-12-24T01:32:57Z,647,2022-12-24T12:19:57Z
GL017,5986,874,3302,2023-03-08T22:56:51Z,906,2023-03-09T14:02:51Z
PW137,4958,6950,7615,2023-01-18T10:31:07Z,370,2023-01-18T16:41:07Z
XJ747,1943,6328,309,2022-10-09T13:02:36Z,827,2022-10-10T02:49:36Z
QY614,136,2069,1555,2022-05-24T02:00:00Z,494,2022-05-24T10:14:00Z
CW023,633,5002,6996,2022-12-18T18:33:57Z,125,2022-12-18T20:38:57Z
BD477,1890,3259,577,2022-04-30T02:17:50Z,832,2022-04-30T16:09:50Z
CC283,1689,663,7114,2022-09-10T04:31:42Z,380,2022-09-10T10:51:42Z
FY786,2432,1424,4221,2023-01-09T09:28:34Z,565,2023-01-09T18:53:34Z
DP177,210,3386,841,2023-01-30T20:15:01Z,359,2023-01-31T02:14:01Z
VO450,1256,3374,4767,2022-08-05T20:09:35Z,412,2022-08-06T03:01:35Z
VH976,354,5457,7592,2022-04-30T10:47:45Z,645,2022-04-30T21:32:45Z
KS670,5981,123,1967,2022-05-23T19:49:16Z,861,2022-05-24T10:10:16Z
JT301,4960,3712,3200,2022-05-26T17:39:53Z,332,2022-05-26T23:11:53Z
RA299,6076,3459,719,2022-08-27T17:21:58Z,340,2022-08-27T23:01:58Z
CY586,5088,7574,3563,2023-03-20T13:14:34Z,585,2023-03-20T22:59:34Z
FE850,3212,535,1096,2022-12-22T05:33:28Z,620,2022-12-22T15:53:28Z
HX802,3613,7294,1193,2022-07-26T12:55:00Z,467,2022-07-26T20:42:00Z
IL104,3832,3178,1198,2023-02-07T07:27:58Z,495,2023-02-07T15:42:58Z
BH656,861,3168,4392,2022-05-30T10:48:24Z,454,2022-05-30T18:22:24Z
VX521,3325,1715,2614,2023-03-16T12:14:36Z,298,2023-03-16T17:12:36Z
EW540,5749,3637,3799,2022-09-29T08:37:12Z,351,2022-09-29T14:28:12Z
HY584,3393,7029,918,2022-05-27T12:45:53Z,590,2022-05-27T22:35:53Z
ST457,2458,4948,6828,2022-07-05T05:11:36Z,725,2022-07-05T17:16:36Z
OJ220,3287,1080,743,2022-05-06T06:10:21Z,579,2022-05-06T15:49:21Z
GA277,3794,4595,4584,2022-11-29T23:15:51Z,191,2022-11-30T02:26:51Z
EV453,470,5631,937,2022-05-10T20:56:16Z,647,2022-05-11T07:43:16Z
DJ895,5972,2445,2414,2022-08-31T10:35:48Z,499,2022-08-31T18:54:48Z
SL794,771,3750,1430,2022-06-16T12:04:00Z,773,2022-06-17T00:57:00Z
OT808,5694,2773,1146,2022-11-01T07:07:09Z,671,2022-11-01T18:18:09Z
OL475,4451,1039,5933,2022-09-16T16:58:31Z,762,2022-09-17T05:40:31Z
YC353,1845,1385,4405,2023-02-21T03:37:54Z,121,2023-02-21T05:38:54Z
VG746,5316,2917,3795,2022-08-16T06:14:35Z,487,2022-08-16T14:21:35Z
LW246,2966,5993,2450,2023-01-21T22:59:33Z,724,2023-01-22T11:03:33Z
YA584,934,2242,6533,2022-10-12T01:04:46Z,798,2022-10-12T14:22:46Z
VA125,37,1618,7336,2022-12-24T14:28:50Z,510,2022-12-24T22:58:50Z
VU014,1595,3637,891,2023-02-14T23:45:04Z,689,2023-02-15T11:14:04Z
RX991,3906,1575,5989,2022-12-10T23:21:48Z,676,2022-12-11T10:37:48Z
GH688,4504,652,3497,2022-10-31T03:17:15Z,878,2022-10-31T17:55:15Z
LI439,1003,96,263,2023-03-09T17:34:59Z,541,2023-03-10T02:35:59Z
NA339,3201,7601,816,2022-08-07T07:40:53Z,755,2022-08-07T20:15:53Z
MN922,5406,6453,7216,2022-10-19T18:22:42Z,345,2022-10-20T00:07:42Z
CH184,4110,3706,5812,2022-11-21T16:11:23Z,654,2022-11-22T03:05:23Z
SW299,1213,2526,6980,2022-06-30T15:06:40Z,522,2022-06-30T23:48:40Z
XU125,990,4949,874,2022-12-10T08:27:52Z,777,2022-12-10T21:24:52Z
VF488,727,6523,2803,2022-08-11T14:02:43Z,873,2022-08-12T04:35:43Z
FI359,1634,5012,1270,2023-02-19T14:23:10Z,587,2023-02-20T00:10:10Z
ZA990,552,322,4127,2022-08-26T08:09:40Z,918,2022-08-26T23:27:40Z
MT809,1538,3867,4269,2022-10-23T10:44:40Z,960,2022-10-24T02:44:40Z
SQ362,3397,3091,7391,2022-06-27T07:01:14Z,618,2022-06-27T17:19:14Z
RL456,2551,1830,4254,2022-04-30T15:40:51Z,493,2022-04-30T23:53:51Z
CS177,1138,5639,5645,2023-03-02T06:13:45Z,411,2023-03-02T13:04:45Z
DQ362,678,5528,4194,2022-08-21T18:10:11Z,161,2022-08-21T20:51:11Z
LY219,233,2102,2113,2022-06-26T05:44:22Z,832,2022-06-26T19:36:22Z
PM886,780,2981,1051,2023-01-28T17:02:17Z,201,2023-01-28T20:23:17Z
YC410,2887,6107,5977,2023-01-26T00:02:43Z,799,2023-01-26T13:21:43Z
DG857,3465,5884,1570,2022-08-11T11:53:45Z,319,2022-08-11T17:12:45Z
OD587,3578,7541,2301,2022-07-04T08:48:59Z,654,2022-07-04T19:42:59Z
GR702,113,1375,5202,2022-11-16T11:36:47Z,607,2022-11-16T21:43:47Z
NS171,1869,4607,6172,2023-01-05T16:20:21Z,352,2023-01-05T22:12:21Z
WY103,4216,1324,4019,2022-12-27T03:58:10Z,783,2022-12-27T17:01:10Z
FO219,3085,4225,3328,2022-10-13T11:55:47Z,321,2022-10-13T17:16:47Z
NY183,4473,7172,722,2023-01-05T02:56:58Z,305,2023-01-05T08:01:58Z
BH353,2613,4577,5106,2022-09-28T00:42:55Z,779,2022-09-28T13:41:55Z
SS306,2737,2267,2516,2022-05-21T06:46:05Z,882,2022-05-21T21:28:05Z
PL768,1429,7018,6315,2023-03-26T15:43:14Z,430,2023-03-26T22:53:14Z
SL024,411,1503,6511,2022-10-02T22:02:29Z,849,2022-10-03T12:11:29Z
WM696,5493,866,5703,2022-04-27T08:13:51Z,453,2022-04-27T15:46:51Z
ZN517,1399,2374,2960,2022-08-04T09:23:58Z,435,2022-08-04T16:38:58Z
YA169,2356,4210,5899,2022-11-23T17:23:29Z,183,2022-11-23T20:26:29Z
SO118,2364,1960,671,2022-05-19T05:21:27Z,798,2022-05-19T18:39:27Z
KZ428,690,5949,5802,2023-03-01T13:01:12Z,700,2023-03-02T00:41:12Z
PV999,4753,5454,5182,2023-02-14T15:43:56Z,308,2023-02-14T20:51:56Z
BU743,2004,4360,4799,2022-06-08T21:18:02Z,292,2022-06-09T02:10:02Z
BE613,5626,1367,4675,2022-06-11T09:35:10Z,168,2022-06-11T12:23:10Z
NB391,3672,7201,3218,2023-04-07T16:25:47Z,169,2023-04-07T19:14:47Z
YA181,1199,1935,210,2022-11-30T00:25:31Z,387,2022-11-30T06:52:31Z
NM012,5808,4327,5458,2022-05-30T14:01:58Z,521,2022-05-30T22:42:58Z
ZM407,593,5588,7546,2022-04-20T19:34:41Z,165,2022-04-20T22:19:41Z
LQ822,4826,823,7145,2022-09-27T12:48:05Z,309,2022-09-27T17:57:05Z
LA448,3939,872,6938,2023-03-18T06:27:25Z,573,2023-03-18T16:00:25Z
SX418,318,456,2298,2022-12-21T04:09:22Z,285,2022-12-21T08:54:22Z
BE736,4510,2272,2771,2023-02-01T19:47:55Z,186,2023-02-01T22:53:55Z
XQ267,4335,4764,1779,2022-04-14T06:19:46Z,401,2022-04-14T13:00:46Z
BD426,5344,3874,7674,2022-11-28T00:47:16Z,419,2022-11-28T07:46:16Z
FY227,4192,4335,6648,2022-11-18T17:08:31Z,148,2022-11-18T19:36:31Z
SK592,544,3650,7353,2023-03-18T00:03:30Z,226,2023-03-18T03:49:30Z
WD742,3304,2031,2620,2022-08-02T23:12:37Z,282,2022-08-03T03:54:37Z
OI209,1938,1169,6166,2023-01-28T20:20:58Z,673,2023-01-29T07:33:58Z
TS850,5152,7256,3518,2022-10-22T01:52:21Z,212,2022-10-22T05:24:21Z
SO256,205,7405,6637,2022-05-11T20:21:31Z,170,2022-05-11T23:11:31Z
SR325,2264,5131,3984,2023-04-06T17:08:17Z,240,2023-04-06T21:08:17Z
LI383,4456,5477,964,2023-04-09T13:39:27Z,926,2023-04-10T05:05:27Z
CU721,4604,3187,947,2022-06-10T23:50:52Z,689,2022-06-11T11:19:52Z
JZ583,3388,5874,5306,2022-04-14T23:02:10Z,235,2022-04-15T02:57:10Z
PU169,4942,1069,4046,2023-01-23T17:17:12Z,773,2023-01-24T06:10:12Z
PO845,5184,4069,7261,2023-02-19T04:14:57Z,827,2023-02-19T18:01:57Z
YB484,1707,2119,1640,2023-01-26T08:22:16Z,291,2023-01-26T13:13:16Z
YF497,5837,614,1157,2023-02-23T19:57:59Z,950,2023-02-24T11:47:59Z
LV660,1576,5752,6843,2023-02-27T13:59:23Z,922,2023-02-28T05:21:23Z
GA463,3336,4461,1176,2022-08-04T19:26:37Z,910,2022-08-05T10:36:37Z
QI353,4365,6145,5195,2022-07-17T07:36:26Z,882,2022-07-17T22:18:26Z
YL849,1629,3299,5154,2022-05-12T09:57:44Z,901,2022-05-13T00:58:44Z
KX414,1366,7170,2005,2023-02-02T07:54:20Z,552,2023-02-02T17:06:20Z
IX870,2197,3493,6178,2022-05-25T07:38:50Z,531,2022-05-25T16:29:50Z
IG237,3045,620,7182,2022-11-24T17:18:56Z,408,2022-11-25T00:06:56Z
AL314,6013,1273,3834,2022-10-27T03:18:59Z,505,2022-10-27T11:43:59Z
XJ956,3558,2036,5548,2023-04-08T11:16:46Z,278,2023-04-08T15:54:46Z
PS030,5448,3724,5156,2022-10-03T17:33:48Z,686,2022-10-04T04:59:48Z
GV229,3802,1448,2645,2023-01-26T18:43:43Z,127,2023-01-26T20:50:43Z
KZ647,5885,263,7605,2023-03-14T03:03:23Z,560,2023-03-14T12:23:23Z
BF404,4956,1728,7497,2022-07-22T01:48:44Z,292,2022-07-22T06:40:44Z
HW652,1102,3977,4915,2023-04-02T10:56:10Z,484,2023-04-02T19:00:10Z
LG608,4796,6191,6857,2022-08-08T13:38:08Z,492,2022-08-08T21:50:08Z
JM693,2266,366,4889,2023-01-07T19:54:15Z,847,2023-01-08T10:01:15Z
QU264,1660,2021,4040,2022-11-04T21:23:29Z,954,2022-11-05T13:17:29Z
BF622,981,313,5229,2022-11-11T01:28:38Z,360,2022-11-11T07:28:38Z
JA983,4872,2795,7013,2022-05-22T17:30:54Z,228,2022-05-22T21:18:54Z
EQ736,1388,6767,3699,2022-08-16T19:18:35Z,646,2022-08-17T06:04:35Z
MD112,5432,7637,5031,2022-07-27T01:27:27Z,347,2022-07-27T07:14:27Z
KD311,4952,5369,632,2023-03-22T01:24:47Z,678,2023-03-22T12:42:47Z
NC422,898,2841,4059,2022-06-12T00:10:30Z,607,2022-06-12T10:17:30Z
TQ366,4647,6914,3853,2022-09-18T20:12:24Z,464,2022-09-19T03:56:24Z
AR186,815,1010,6616,2022-10-01T05:59:54Z,767,2022-10-01T18:46:54Z
OW047,3540,2554,967,2022-06-23T03:46:29Z,734,2022-06-23T16:00:29Z
ZQ499,586,105,2822,2022-07-20T18:53:27Z,446,2022-07-21T02:19:27Z
IS049,4820,3039,4344,2022-11-09T02:05:33Z,834,2022-11-09T15:59:33Z
GJ461,2876,5590,7606,2023-01-10T00:15:46Z,804,2023-01-10T13:39:46Z
IQ112,1839,6320,4682,2022-09-30T00:53:16Z,900,2022-09-30T15:53:16Z
KV041,3491,401,7110,2022-09-29T06:44:00Z,285,2022-09-29T11:29:00Z
UR754,3206,434,7032,2022-10-04T14:55:08Z,833,2022-10-05T04:48:08Z
TM654,5301,3661,1154,2023-03-18T21:26:48Z,601,2023-03-19T07:27:48Z
DI699,5761,6228,3644,2023-01-14T21:53:57Z,256,2023-01-15T02:09:57Z
RU478,2390,4530,811,2023-01-13T22:12:15Z,125,2023-01-14T00:17:15Z
HI856,156,6599,3809,2022-12-17T03:09:24Z,742,2022-12-17T15:31:24Z
ZD829,3689,4235,3378,2022-10-08T16:53:55Z,641,2022-10-09T03:34:55Z
BA859,3155,238,3539,2023-01-02T09:44:33Z,711,2023-01-02T21:35:33Z
MZ952,1983,3113,1766,2022-11-21T06:31:19Z,878,2022-11-21T21:09:19Z
YW542,2443,5825,4923,2022-11-15T07:29:44Z,167,2022-11-15T10:16:44Z
FB423,3823,7189,1110,2022-12-08T15:47:22Z,377,2022-12-08T22:04:22Z
RR490,2125,775,3477,2022-08-30T20:58:12Z,890,2022-08-31T11:48:12Z
ZD920,3497,7184,340,2022-05-11T05:38:55Z,401,2022-05-11T12:19:55Z
UF146,1938,2985,4869,2023-01-10T02:45:56Z,419,2023-01-10T09:44:56Z
CM707,4500,306,1586,2022-09-20T14:46:33Z,363,2022-09-20T20:49:33Z
MD170,2489,5053,1537,2022-06-09T19:22:34Z,227,2022-06-09T23:09:34Z
LB669,2554,2780,818,2022-05-14T14:24:26Z,341,2022-05-14T20:05:26Z
EI566,3221,3218,3254,2023-03-24T12:08:58Z,194,2023-03-24T15:22:58Z
HM108,944,6968,3497,2022-08-07T02:11:51Z,292,2022-08-07T07:03:51Z
AY768,4529,6697,6053,2022-10-11T07:52:54Z,230,2022-10-11T11:42:54Z
GZ066,4759,5222,846,2022-04-16T15:23:03Z,751,2022-04-17T03:54:03Z
SS443,1080,4748,6800,2023-03-09T00:04:11Z,196,2023-03-09T03:20:11Z
UP167,4621,4474,6113,2022-08-04T00:32:33Z,460,2022-08-04T08:12:33Z
QU790,2740,4391,1926,2023-02-23T06:23:10Z,487,2023-02-23T14:30:10Z
CV895,463,1013,3356,2022-06-19T13:59:12Z,848,2022-06-20T04:07:12Z
FA894,1788,5387,4653,2022-05-31T18:57:44Z,184,2022-05-31T22:01:44Z
WE752,394,2824,2232,2023-01-09T12:07:38Z,379,2023-01-09T18:26:38Z
PE440,901,2883,3415,2022-05-12T23:03:17Z,326,2022-05-13T04:29:17Z
ZH774,2411,7418,2415,2022-07-13T19:46:34Z,889,2022-07-14T10:35:34Z
MS247,1650,1575,7076,2022-08-12T10:03:40Z,123,2022-08-12T12:06:40Z
QF913,3017,7642,2859,2023-02-04T04:08:02Z,565,2023-02-04T13:33:02Z
YQ709,2494,2401,6843,2023-03-20T15:27:55Z,274,2023-03-20T20:01:55Z
VX596,3757,7625,617,2022-10-08T18:08:34Z,486,2022-10-09T02:14:34Z
US551,4328,2336,3689,2022-10-01T06:18:57Z,559,2022-10-01T15:37:57Z
QJ865,2474,1699,602,2023-03-08T07:20:30Z,922,2023-03-08T22:42:30Z
UT298,2662,5130,7593,2022-07-10T10:04:13Z,648,2022-07-10T20:52:13Z
VI912,3672,1888,6008,2023-03-04T14:42:55Z,183,2023-03-04T17:45:55Z
WX497,3230,3726,4955,2022-07-15T12:16:55Z,658,2022-07-15T23:14:55Z
NM847,34,1656,2749,2022-12-15T06:17:01Z,684,2022-12-15T17:41:01Z
SC608,2491,3114,1617,2022-07-21T13:11:19Z,682,2022-07-22T00:33:19Z
JB375,217,2775,7051,2023-01-19T09:58:35Z,690,2023-01-19T21:28:35Z
ZB710,198,1122,2084,2022-06-16T06:53:42Z,730,2022-06-16T19:03:42Z
LN073,1583,1766,5023,2022-05-11T03:40:44Z,684,2022-05-11T15:04:44Z
WE164,775,3235,1418,2022-07-26T10:52:33Z,186,2022-07-26T13:58:33Z
IL843,3968,3960,2133,2022-10-02T15:21:31Z,299,2022-10-02T20:20:31Z
MI686,6073,125,5686,2022-07-05T22:23:21Z,604,2022-07-06T08:27:21Z
FQ581,2487,2456,7365,2022-04-25T14:59:13Z,484,2022-04-25T23:03:13Z
AB487,21,2031,4417,2022-09-17T18:56:32Z,911,2022-09-18T10:07:32Z
WE970,1540,5550,6288,2022-05-05T06:45:56Z,324,2022-05-05T12:09:56Z
ZV031,1703,6094,2106,2023-01-25T00:25:39Z,656,2023-01-25T11:21:39Z
PR839,2699,5706,7492,2022-09-12T14:45:38Z,219,2022-09-12T18:24:38Z
JS762,3888,6068,2875,2023-02-18T00:41:10Z,957,2023-02-18T16:38:10Z
SE640,1537,3557,4268,2023-02-03T08:00:38Z,957,2023-02-03T23:57:38Z
UL068,1371,4333,947,2022-10-11T12:36:51Z,818,2022-10-12T02:14:51Z
CP013,5609,6847,6204,2022-07-31T13:56:51Z,439,2022-07-31T21:15:51Z
KV079,3271,1284,7118,2022-09-22T21:26:12Z,143,2022-09-22T23:49:12Z
OH367,4679,4816,808,2022-12-30T16:59:23Z,260,2022-12-30T21:19:23Z
QB018,4819,5546,842,2022-04-25T23:35:17Z,647,2022-04-26T10:22:17Z
UT050,2365,2205,328,2022-09-26T07:14:42Z,570,2022-09-26T16:44:42Z
MH582,3998,2959,1086,2022-07-10T00:00:49Z,871,2022-07-10T14:31:49Z
CL664,4423,6228,3713,2023-04-08T09:45:02Z,790,2023-04-08T22:55:02Z
LT560,1743,5225,4371,2022-05-14T13:32:28Z,389,2022-05-14T20:01:28Z
DK110,975,761,2452,2022-06-26T14:28:42Z,851,2022-06-27T04:39:42Z
MN952,1120,5011,5670,2022-11-28T05:47:51Z,876,2022-11-28T20:23:51Z
DY674,2950,2355,76,2023-02-14T18:05:17Z,775,2023-02-15T07:00:17Z
WD003,4172,6621,836,2022-04-28T21:36:43Z,864,2022-04-29T12:00:43Z
TM099,4168,5820,2053,2022-10-10T02:53:24Z,431,2022-10-10T10:04:24Z
LF707,5896,2513,5550,2022-11-23T03:32:03Z,236,2022-11-23T07:28:03Z
OB362,5242,3904,1117,2023-01-18T05:03:33Z,461,2023-01-18T12:44:33Z
QU493,1497,3735,4663,2022-12-24T15:59:09Z,326,2022-12-24T21:25:09Z
VN452,1880,7662,1986,2023-03-16T02:36:22Z,426,2023-03-16T09:42:22Z
CD369,3794,5966,4059,2022-05-13T00:05:15Z,334,2022-05-13T05:39:15Z
NI424,3020,2471,472,2022-04-14T05:23:54Z,782,2022-04-14T18:25:54Z
WQ747,872,2604,1514,2023-03-03T05:06:25Z,662,2023-03-03T16:08:25Z
RH213,2077,436,4185,2022-05-21T05:09:13Z,931,2022-05-21T20:40:13Z
ZA070,3301,2010,5438,2022-07-19T04:51:53Z,547,2022-07-19T13:58:53Z
HP963,298,5618,2824,2022-10-19T05:33:54Z,802,2022-10-19T18:55:54Z
MK334,1274,172,1289,2023-01-07T04:32:24Z,382,2023-01-07T10:54:24Z
FV924,4571,598,4098,2022-05-05T01:33:35Z,707,2022-05-05T13:20:35Z
ED680,3593,869,463,2023-04-08T01:17:02Z,845,2023-04-08T15:22:02Z
LU858,4795,4533,6693,2022-08-27T07:10:21Z,274,2022-08-27T11:44:21Z
RD699,4805,5883,2907,2023-01-11T23:59:21Z,132,2023-01-12T02:11:21Z
PZ613,2475,4413,4617,2023-02-04T12:26:33Z,330,2023-02-04T17:56:33Z
RM062,5882,2373,5009,2022-09-17T01:37:11Z,385,2022-09-17T08:02:11Z
NG445,3696,7414,4069,2022-11-27T12:59:19Z,316,2022-11-27T18:15:19Z
YV741,293,377,1781,2023-04-02T09:04:49Z,580,2023-04-02T18:44:49Z
TW545,4678,3286,788,2022-07-18T20:41:08Z,703,2022-07-19T08:24:08Z
BL197,4281,6067,4594,2023-03-03T08:09:17Z,630,2023-03-03T18:39:17Z
NR300,524,2148,6977,2022-04-27T15:26:46Z,120,2022-04-27T17:26:46Z
GG464,2965,1372,1622,2022-11-08T22:05:02Z,698,2022-11-09T09:43:02Z
JW373,5944,1062,4484,2022-10-30T23:17:05Z,414,2022-10-31T06:11:05Z
KO936,3068,6133,563,2022-07-19T04:16:31Z,299,2022-07-19T09:15:31Z
WM629,4490,7432,1151,2022-07-18T17:54:21Z,292,2022-07-18T22:46:21Z
BI708,2986,6171,2549,2022-09-29T00:19:38Z,299,2022-09-29T05:18:38Z
EJ169,6016,4867,4486,2022-08-19T01:18:31Z,839,2022-08-19T15:17:31Z
QD576,4647,2411,4723,2023-04-03T17:04:07Z,915,2023-04-04T08:19:07Z
MQ215,4132,6881,4623,2022-09-24T06:41:57Z,510,2022-09-24T15:11:57Z
GK557,3163,7692,4416,2023-01-07T09:13:23Z,238,2023-01-07T13:11:23Z
LY782,4875,1409,2913,2022-08-09T13:50:24Z,860,2022-08-10T04:10:24Z
WY029,2610,4209,2357,2022-09-10T02:40:00Z,272,2022-09-10T07:12:00Z
YK683,4453,1425,7635,2022-06-30T18:48:22Z,392,2022-07-01T01:20:22Z
XX332,5880,4963,1846,2022-11-10T09:27:55Z,427,2022-11-10T16:34:55Z
TV313,5787,6820,2416,2022-10-28T22:14:50Z,665,2022-10-29T09:19:50Z
NI192,1787,1510,4100,2023-01-31T22:45:31Z,221,2023-02-01T02:26:31Z
UH187,3932,3549,6805,2022-09-22T13:12:16Z,320,2022-09-22T18:32:16Z
ST617,5271,4367,6834,2022-08-10T11:52:32Z,826,2022-08-11T01:38:32Z
NU833,6140,1337,1762,2022-08-14T11:07:37Z,578,2022-08-14T20:45:37Z
MS908,2916,5481,3422,2022-06-24T01:53:52Z,492,2022-06-24T10:05:52Z
NR743,2491,1066,4440,2023-04-11T13:24:43Z,806,2023-04-12T02:50:43Z
HI496,2014,3514,11,2023-01-23T07:56:27Z,615,2023-01-23T18:11:27Z
BO429,6119,5781,7004,2022-07-04T21:53:17Z,942,2022-07-05T13:35:17Z
SC704,3395,2311,4059,2023-01-10T13:39:10Z,373,2023-01-10T19:52:10Z
HN325,2562,4998,1589,2022-06-27T23:52:04Z,264,2022-06-28T04:16:04Z
OG664,249,474,5019,2022-11-17T15:14:35Z,371,2022-11-17T21:25:35Z
JB624,1624,1853,7456,2023-02-07T16:06:01Z,906,2023-02-08T07:12:01Z
DD340,5627,887,4977,2023-04-07T20:18:19Z,807,2023-04-08T09:45:19Z
LT764,5568,1546,6398,2023-01-11T05:55:30Z,891,2023-01-11T20:46:30Z
SF553,4755,2685,6548,2022-09-20T01:41:17Z,518,2022-09-20T10:19:17Z
GI561,5,6743,3021,2022-08-31T15:17:35Z,513,2022-08-31T23:50:35Z
TG921,5476,4475,7131,2022-07-05T04:10:42Z,661,2022-07-05T15:11:42Z
FJ724,5609,7187,2926,2022-05-09T15:54:21Z,206,2022-05-09T19:20:21Z
SA034,4653,2682,1131,2022-04-27T16:19:05Z,562,2022-04-28T01:41:05Z
NM536,3464,6554,3693,2022-05-01T00:30:38Z,508,2022-05-01T08:58:38Z
YN765,116,4370,6979,2023-02-11T03:03:28Z,136,2023-02-11T05:19:28Z
GQ605,3938,982,685,2022-12-02T18:03:13Z,794,2022-12-03T07:17:13Z
KO591,2596,7111,7121,2022-12-28T19:11:48Z,427,2022-12-29T02:18:48Z
BK114,1261,3044,217,2023-01-10T01:56:08Z,959,2023-01-10T17:55:08Z
ZR874,1546,3960,3134,2022-07-22T08:42:05Z,146,2022-07-22T11:08:05Z
KZ024,5497,1920,4904,2022-04-30T10:45:06Z,883,2022-05-01T01:28:06Z
QY156,3251,2792,5901,2022-08-29T19:15:53Z,589,2022-08-30T05:04:53Z
SD223,5688,6966,3092,2022-11-21T10:42:46Z,626,2022-11-21T21:08:46Z
SF156,1468,2515,3241,2023-01-01T19:44:26Z,602,2023-01-02T05:46:26Z
LP803,5544,308,1911,2022-09-11T10:56:13Z,305,2022-09-11T16:01:13Z
NL140,4678,6158,4859,2022-05-04T01:50:33Z,122,2022-05-04T03:52:33Z
GI444,607,1705,3638,2023-03-11T00:11:22Z,283,2023-03-11T04:54:22Z
WG374,1631,1266,5037,2022-07-29T16:24:15Z,202,2022-07-29T19:46:15Z
BF406,4550,1057,3070,2023-01-27T10:07:35Z,546,2023-01-27T19:13:35Z
NQ768,1451,6461,4036,2022-07-15T17:29:19Z,893,2022-07-16T08:22:19Z
GH027,2401,2637,2435,2023-02-11T05:41:56Z,852,2023-02-11T19:53:56Z
BO227,1755,2316,5441,2023-03-03T08:56:38Z,261,2023-03-03T13:17:38Z
BB014,2178,3924,599,2022-12-20T06:50:00Z,343,2022-12-20T12:33:00Z
XB789,2725,4893,7232,2022-05-16T11:01:17Z,392,2022-05-16T17:33:17Z
ZU554,5775,3661,207,2022-07-06T07:12:26Z,497,2022-07-06T15:29:26Z
DH600,1299,4975,2914,2022-05-09T00:50:55Z,144,2022-05-09T03:14:55Z
SF545,2133,4374,3328,2022-08-12T08:33:03Z,674,2022-08-12T19:47:03Z
KP315,5019,1484,1086,2022-06-08T23:42:04Z,165,2022-06-09T02:27:04Z
XW544,993,3802,4494,2022-08-18T00:27:24Z,132,2022-08-18T02:39:24Z
IN895,113,4348,7342,2022-11-09T20:50:57Z,334,2022-11-10T02:24:57Z
AN463,664,1188,1157,2023-04-03T22:11:55Z,563,2023-04-04T07:34:55Z
CC194,1431,5417,3097,2022-06-06T20:30:11Z,317,2022-06-07T01:47:11Z
II352,1067,1439,6702,2022-08-22T18:45:00Z,668,2022-08-23T05:53:00Z
TI357,1438,488,7020,2022-08-13T09:10:05Z,167,2022-08-13T11:57:05Z
WS652,4707,3262,47,2023-02-05T09:52:39Z,302,2023-02-05T14:54:39Z
HB765,5082,7537,3820,2022-08-19T22:37:43Z,709,2022-08-20T10:26:43Z
BC401,3293,165,6091,2022-07-02T18:32:54Z,515,2022-07-03T03:07:54Z
PD973,2749,3290,4160,2022-11-10T19:51:04Z,427,2022-11-11T02:58:04Z
NO771,942,7549,7669,2023-01-10T16:39:14Z,238,2023-01-10T20:37:14Z
LL530,5251,455,1069,2023-01-27T08:07:38Z,349,2023-01-27T13:56:38Z
HM460,1322,2671,3812,2022-07-27T06:12:49Z,936,2022-07-27T21:48:49Z
DE345,2219,2973,981,2022-04-24T07:37:01Z,428,2022-04-24T14:45:01Z
JK685,793,2429,830,2022-04-23T04:29:09Z,670,2022-04-23T15:39:09Z
SK686,753,6668,282,2022-11-09T16:19:13Z,879,2022-11-10T06:58:13Z
CK351,4105,5488,4624,2023-03-18T02:04:55Z,736,2023-03-18T14:20:55Z
XN012,4971,4733,6866,2022-07-24T10:54:17Z,690,2022-07-24T22:24:17Z
ZO845,465,3827,6265,2022-05-07T10:07:01Z,287,2022-05-07T14:54:01Z
BK840,1670,4858,3026,2022-05-20T12:34:05Z,798,2022-05-21T01:52:05Z
VV191,4865,1909,3655,2022-05-10T01:27:21Z,781,2022-05-10T14:28:21Z
UD990,5861,3537,7267,2022-05-17T13:00:08Z,758,2022-05-18T01:38:08Z
ZH276,1803,2183,4721,2023-01-17T06:33:24Z,227,2023-01-17T10:20:24Z
QT882,2867,2424,890,2022-06-25T22:22:07Z,746,2022-06-26T10:48:07Z
YS986,3771,2922,509,2022-12-02T03:38:02Z,859,2022-12-02T17:57:02Z
JW265,2934,7196,1734,2023-03-19T03:17:06Z,917,2023-03-19T18:34:06Z
ZZ756,671,240,2609,2022-10-23T08:10:14Z,152,2022-10-23T10:42:14Z
OZ221,5465,1966,3727,2022-06-06T13:51:15Z,576,2022-06-06T23:27:15Z
NY106,429,1331,90,2022-05-08T22:26:04Z,402,2022-05-09T05:08:04Z
KM516,6011,2816,6869,2022-05-16T08:19:31Z,534,2022-05-16T17:13:31Z
NK946,2480,1815,2084,2022-09-26T16:36:37Z,208,2022-09-26T20:04:37Z
XA396,3266,7489,4692,2022-06-17T13:22:11Z,192,2022-06-17T16:34:11Z
QB411,6005,6323,7526,2023-02-18T14:15:26Z,815,2023-02-19T03:50:26Z
UG671,3489,3904,406,2022-07-19T05:46:01Z,822,2022-07-19T19:28:01Z
IR997,1010,2028,6050,2022-09-01T17:21:01Z,212,2022-09-01T20:53:01Z
BT547,206,102,6315,2022-08-03T03:09:30Z,240,2022-08-03T07:09:30Z
UN786,4377,3265,7104,2023-01-13T04:47:36Z,719,2023-01-13T16:46:36Z
YO366,4329,6548,3036,2022-04-16T08:09:59Z,914,2022-04-16T23:23:59Z
HL969,1392,6896,4579,2023-03-07T06:55:55Z,866,2023-03-07T21:21:55Z
ZJ311,5231,2243,6802,2023-04-06T09:56:34Z,129,2023-04-06T12:05:34Z
EY844,3276,5918,2922,2023-02-27T15:43:45Z,159,2023-02-27T18:22:45Z
PT631,197,3986,7662,2023-01-19T02:05:39Z,908,2023-01-19T17:13:39Z
CH024,301,4823,4712,2022-05-22T23:19:06Z,346,2022-05-23T05:05:06Z
MR740,6021,5975,1612,2022-05-12T15:52:58Z,149,2022-05-12T18:21:58Z
SY330,1688,7287,2409,2022-04-16T14:31:28Z,418,2022-04-16T21:29:28Z
FU295,4920,58,128,2022-10-14T05:14:07Z,413,2022-10-14T12:07:07Z
GJ378,3707,1660,3395,2023-01-28T19:29:44Z,390,2023-01-29T01:59:44Z
UI887,2498,4067,4006,2023-01-26T11:05:00Z,165,2023-01-26T13:50:00Z
NN106,2362,6633,4594,2022-06-13T17:13:32Z,128,2022-06-13T19:21:32Z
BG807,4043,4679,7272,2022-07-22T12:56:06Z,469,2022-07-22T20:45:06Z
RA210,2288,3227,2685,2023-01-16T07:51:51Z,898,2023-01-16T22:49:51Z
VF173,3763,6518,4628,2022-06-07T17:16:43Z,377,2022-06-07T23:33:43Z
HJ288,3196,4306,1085,2022-10-17T16:58:25Z,513,2022-10-18T01:31:25Z
PK464,1675,6739,4270,2022-12-07T20:22:22Z,196,2022-12-07T23:38:22Z
PL702,2958,5666,2769,2022-11-03T04:29:21Z,630,2022-11-03T14:59:21Z
CS528,3918,5731,349,2022-05-03T14:10:57Z,245,2022-05-03T18:15:57Z
GQ946,3768,2102,2036,2023-02-03T13:32:35Z,139,2023-02-03T15:51:35Z
NH565,2120,3613,7407,2022-10-07T14:37:01Z,445,2022-10-07T22:02:01Z
NL356,234,4694,372,2022-08-01T09:26:32Z,607,2022-08-01T19:33:32Z
ON056,4690,926,2749,2022-12-30T06:53:03Z,332,2022-12-30T12:25:03Z
ZE051,2041,3323,7355,2022-12-22T17:34:05Z,261,2022-12-22T21:55:05Z
IU836,507,6159,7045,2022-10-22T23:57:11Z,622,2022-10-23T10:19:11Z
PI961,1066,6936,4249,2022-12-05T23:09:45Z,399,2022-12-06T05:48:45Z
JD735,6121,4926,1567,2022-09-06T02:54:23Z,278,2022-09-06T07:32:23Z
XB381,3728,5967,1074,2023-03-13T20:07:50Z,578,2023-03-14T05:45:50Z
KR367,1937,5269,1746,2022-05-04T01:54:26Z,870,2022-05-04T16:24:26Z
JQ698,1531,5244,1441,2022-05-24T23:22:49Z,716,2022-05-25T11:18:49Z
YQ981,4833,7204,7571,2022-11-12T15:00:39Z,419,2022-11-12T21:59:39Z
AI096,6131,2845,4490,2022-05-16T18:53:03Z,590,2022-05-17T04:43:03Z
AN075,4569,3177,2870,2023-02-15T13:40:15Z,321,2023-02-15T19:01:15Z
QU934,2462,4824,3610,2022-07-01T00:26:43Z,847,2022-07-01T14:33:43Z
JF358,1948,6389,1008,2023-02-15T11:08:32Z,639,2023-02-15T21:47:32Z
RV855,462,4789,650,2022-07-20T10:01:50Z,827,2022-07-20T23:48:50Z
HI809,48,6683,613,2022-07-28T15:09:09Z,689,2022-07-29T02:38:09Z
II457,4325,7463,2874,2022-09-03T13:26:36Z,239,2022-09-03T17:25:36Z
FA602,1437,4320,5553,2022-05-31T20:54:14Z,958,2022-06-01T12:52:14Z
OV835,4002,4969,7693,2022-10-19T13:52:10Z,942,2022-10-20T05:34:10Z
FU410,4581,1258,5163,2023-04-13T07:55:26Z,514,2023-04-13T16:29:26Z
JP787,1701,1360,393,2023-03-07T06:54:55Z,944,2023-03-07T22:38:55Z
OL939,3525,4122,2480,2022-08-25T08:25:26Z,689,2022-08-25T19:54:26Z
RE921,3102,7508,2355,2022-06-05T23:11:18Z,943,2022-06-06T14:54:18Z
DU591,1891,3128,727,2022-08-08T23:01:00Z,319,2022-08-09T04:20:00Z
KB802,3606,2959,5048,2023-01-26T18:16:58Z,619,2023-01-27T04:35:58Z
HV707,1911,2909,5552,2023-03-23T21:38:55Z,809,2023-03-24T11:07:55Z
QZ321,362,67,2422,2023-02-23T13:11:06Z,327,2023-02-23T18:38:06Z
KJ826,303,385,2678,2022-06-05T00:35:20Z,483,2022-06-05T08:38:20Z
AD306,3432,2195,1435,2023-03-21T15:05:05Z,251,2023-03-21T19:16:05Z
FS776,1913,4791,2955,2022-07-02T13:22:11Z,866,2022-07-03T03:48:11Z
TX301,96,3902,4624,2022-11-09T22:57:39Z,732,2022-11-10T11:09:39Z
XG623,4371,1299,169,2022-07-20T21:47:03Z,869,2022-07-21T12:16:03Z
QD781,5964,2791,4803,2022-04-29T17:20:17Z,374,2022-04-29T23:34:17Z
JU527,5175,6812,1109,2023-01-17T02:05:34Z,422,2023-01-17T09:07:34Z
RL985,3525,7306,1113,2022-11-04T16:33:30Z,424,2022-11-04T23:37:30Z
EF475,55,4992,3316,2023-02-24T21:34:13Z,707,2023-02-25T09:21:13Z
SQ911,5098,7680,2283,2022-09-02T19:25:24Z,142,2022-09-02T21:47:24Z
OJ124,4274,1628,5750,2023-02-10T23:59:32Z,744,2023-02-11T12:23:32Z
YQ712,645,6731,883,2022-11-29T08:15:46Z,897,2022-11-29T23:12:46Z
TV582,4266,2899,6378,2023-04-08T04:14:16Z,672,2023-04-08T15:26:16Z
KF474,5483,6842,353,2022-09-05T11:55:55Z,301,2022-09-05T16:56:55Z
UF525,3355,5193,2709,2022-08-26T11:13:02Z,176,2022-08-26T14:09:02Z
UH642,4413,3129,867,2022-06-22T20:41:32Z,622,2022-06-23T07:03:32Z
LZ155,4517,651,3015,2023-04-13T04:25:39Z,146,2023-04-13T06:51:39Z
BT994,4774,4526,6374,2022-06-11T03:42:10Z,511,2022-06-11T12:13:10Z
LC948,4721,5363,4406,2022-05-06T22:51:17Z,627,2022-05-07T09:18:17Z
BW926,5426,1502,3521,2023-01-08T17:23:52Z,819,2023-01-09T07:02:52Z
QS889,1066,5320,7531,2022-09-22T08:39:33Z,580,2022-09-22T18:19:33Z
OX021,4233,4742,6032,2022-05-20T22:17:23Z,305,2022-05-21T03:22:23Z
UU393,5035,5440,4502,2022-10-17T10:34:52Z,354,2022-10-17T16:28:52Z
RZ375,2429,3173,6289,2022-11-22T15:26:24Z,149,2022-11-22T17:55:24Z
TX097,985,4598,2910,2022-07-19T04:36:55Z,543,2022-07-19T13:39:55Z
ZM328,1704,5465,68,2022-09-25T01:01:32Z,543,2022-09-25T10:04:32Z
UQ435,3462,659,1861,2022-07-22T09:11:46Z,430,2022-07-22T16:21:46Z
JK622,280,6549,256,2022-07-03T23:02:51Z,443,2022-07-04T06:25:51Z
NA677,2869,5722,7656,2023-04-06T14:23:59Z,505,2023-04-06T22:48:59Z
ET203,3411,7619,5799,2023-01-13T15:29:46Z,557,2023-01-14T00:46:46Z
OC320,3564,3047,4934,2022-08-16T00:12:01Z,501,2022-08-16T08:33:01Z
QQ115,213,1787,7340,2023-04-13T20:27:50Z,348,2023-04-14T02:15:50Z
TC607,2516,3645,1809,2023-02-10T04:42:46Z,616,2023-02-10T14:58:46Z
HS229,4691,3218,2642,2023-03-17T09:52:48Z,792,2023-03-17T23:04:48Z
GD368,4329,3585,2747,2022-10-06T22:48:36Z,685,2022-10-07T10:13:36Z
IK411,3077,6883,901,2022-07-20T00:35:06Z,333,2022-07-20T06:08:06Z
JT797,2678,7195,4208,2022-06-16T04:39:11Z,549,2022-06-16T13:48:11Z
IW767,1455,1319,4438,2022-11-15T13:54:34Z,268,2022-11-15T18:22:34Z
LZ858,1087,2949,6334,2022-05-10T20:27:35Z,391,2022-05-11T02:58:35Z
IH107,2693,418,1366,2022-04-22T06:54:33Z,387,2022-04-22T13:21:33Z
ET134,497,3454,2112,2022-07-26T15:04:44Z,307,2022-07-26T20:11:44Z
ZF538,4967,4230,4148,2022-10-03T18:34:50Z,438,2022-10-04T01:52:50Z
VT544,5472,2278,268,2022-12-21T15:34:34Z,211,2022-12-21T19:05:34Z
BJ215,3934,880,366,2023-01-29T03:04:41Z,576,2023-01-29T12:40:41Z
KP852,5313,4027,3456,2022-10-24T06:54:17Z,131,2022-10-24T09:05:17Z
PK970,5377,7322,1220,2023-03-02T18:07:02Z,664,2023-03-03T05:11:02Z
HE778,4671,5275,2116,2022-07-21T01:09:09Z,142,2022-07-21T03:31:09Z
FA658,227,6751,3331,2022-08-12T20:59:08Z,652,2022-08-13T07:51:08Z
QR117,224,6963,1124,2022-11-16T01:51:28Z,224,2022-11-16T05:35:28Z
CO032,5019,743,3006,2022-04-28T22:59:08Z,871,2022-04-29T13:30:08Z
NY496,5246,3047,1162,2022-10-30T18:15:09Z,215,2022-10-30T21:50:09Z
OV361,3028,309,5055,2022-09-25T17:21:25Z,624,2022-09-26T03:45:25Z
MW457,1818,395,1457,2023-03-01T01:14:20Z,334,2023-03-01T06:48:20Z
OR253,2114,1148,1979,2023-04-12T18:15:03Z,219,2023-04-12T21:54:03Z
BS554,196,4085,684,2023-01-22T04:47:04Z,926,2023-01-22T20:13:04Z
ZQ802,1530,2418,3377,2022-05-12T12:53:55Z,908,2022-05-13T04:01:55Z
UQ242,4709,3323,7519,2022-05-28T04:10:09Z,279,2022-05-28T08:49:09Z
SL030,4965,3110,4688,2022-11-09T03:51:03Z,876,2022-11-09T18:27:03Z
ZD260,3839,2184,5201,2022-07-08T21:53:58Z,131,2022-07-09T00:04:58Z
KU889,4114,4334,5916,2022-09-02T07:17:02Z,174,2022-09-02T10:11:02Z
OS129,1069,1562,1537,2023-02-28T14:01:59Z,403,2023-02-28T20:44:59Z
PS510,3903,6487,1056,2022-12-08T12:42:06Z,403,2022-12-08T19:25:06Z
UV779,216,5770,3751,2022-07-16T03:24:53Z,140,2022-07-16T05:44:53Z
ED690,2092,762,3949,2022-08-15T08:44:03Z,236,2022-08-15T12:40:03Z
IB615,394,5513,5982,2023-02-28T11:05:01Z,784,2023-03-01T00:09:01Z
SN001,3860,1735,4658,2022-11-24T05:50:22Z,500,2022-11-24T14:10:22Z
WQ192,867,4545,5034,2022-10-05T19:33:59Z,245,2022-10-05T23:38:59Z
FI751,1456,4127,1362,2022-10-14T00:39:16Z,761,2022-10-14T13:20:16Z
NW581,3820,3878,4647,2023-03-08T11:36:06Z,847,2023-03-09T01:43:06Z
CE781,5682,5057,7252,2022-12-02T03:43:56Z,677,2022-12-02T15:00:56Z
BI460,139,6857,6924,2022-05-25T13:57:29Z,779,2022-05-26T02:56:29Z
FK290,3616,6844,5789,2023-04-08T03:23:43Z,886,2023-04-08T18:09:43Z
TS769,6002,106,6700,2022-10-15T21:09:36Z,761,2022-10-16T09:50:36Z
VE744,4076,7352,683,2023-01-08T00:21:24Z,792,2023-01-08T13:33:24Z
UN051,4176,3283,7029,2022-08-21T17:15:43Z,276,2022-08-21T21:51:43Z
EB648,3433,7076,3027,2022-07-01T22:45:34Z,392,2022-07-02T05:17:34Z
BZ004,2269,3197,7572,2022-04-17T00:38:22Z,273,2022-04-17T05:11:22Z
ER763,5923,1781,630,2022-12-23T23:23:50Z,591,2022-12-24T09:14:50Z
PN428,1189,3030,5586,2023-03-28T09:09:06Z,598,2023-03-28T19:07:06Z
GK846,2547,6158,7558,2022-08-09T17:36:07Z,845,2022-08-10T07:41:07Z
OR958,4698,4884,5768,2023-04-08T20:53:14Z,492,2023-04-09T05:05:14Z
EB114,1722,3752,1021,2022-12-05T14:48:04Z,321,2022-12-05T20:09:04Z
GU801,1211,3867,936,2023-02-15T10:19:13Z,457,2023-02-15T17:56:13Z
WI020,6142,2692,6730,2022-11-08T03:41:29Z,849,2022-11-08T17:50:29Z
NO071,4813,7166,6708,2022-09-24T05:26:20Z,834,2022-09-24T19:20:20Z
YK527,4153,2322,3074,2022-05-31T05:38:45Z,744,2022-05-31T18:02:45Z
WA089,3370,2184,5308,2023-03-29T17:16:11Z,704,2023-03-30T05:00:11Z
PA815,1584,3507,4556,2023-03-21T17:11:18Z,557,2023-03-22T02:28:18Z
NL486,560,5525,6654,2023-01-18T04:58:16Z,365,2023-01-18T11:03:16Z
AB040,633,415,6935,2022-05-16T14:26:31Z,190,2022-05-16T17:36:31Z
UI097,1955,1314,4728,2023-03-25T19:45:45Z,828,2023-03-26T09:33:45Z
GL886,5431,4304,320,2022-08-29T17:55:38Z,404,2022-08-30T00:39:38Z
RG354,1091,6478,5617,2023-03-21T20:32:39Z,169,2023-03-21T23:21:39Z
BP164,375,6688,6620,2022-12-04T10:02:04Z,172,2022-12-04T12:54:04Z
QG593,3634,4225,6580,2023-04-04T17:22:51Z,279,2023-04-04T22:01:51Z
WU834,655,5436,3479,2022-04-20T17:30:43Z,268,2022-04-20T21:58:43Z
TI381,1196,776,596,2022-07-23T02:52:37Z,787,2022-07-23T15:59:37Z
UG387,3225,7440,6766,2022-05-01T01:18:09Z,160,2022-05-01T03:58:09Z
KQ704,5263,837,25,2023-04-08T21:42:45Z,530,2023-04-09T06:32:45Z
VC928,3042,5946,1326,2022-08-05T04:37:51Z,799,2022-08-05T17:56:51Z
LF140,534,3536,2991,2022-09-06T13:45:43Z,819,2022-09-07T03:24:43Z
EJ288,3676,2982,6797,2022-12-05T03:41:54Z,901,2022-12-05T18:42:54Z
XJ128,3109,4849,7233,2022-05-02T17:19:43Z,228,2022-05-02T21:07:43Z
NB043,3231,7369,406,2022-08-20T12:46:22Z,732,2022-08-21T00:58:22Z
OX498,86,5997,696,2022-10-10T21:05:57Z,633,2022-10-11T07:38:57Z
XJ194,3901,1773,2665,2022-05-30T16:26:25Z,637,2022-05-31T03:03:25Z
VL509,2266,3413,3103,2022-12-25T15:06:22Z,577,2022-12-26T00:43:22Z
KF904,2740,3964,7309,2022-04-17T21:07:55Z,863,2022-04-18T11:30:55Z
RI021,353,4458,7218,2022-06-24T20:09:58Z,637,2022-06-25T06:46:58Z
VC767,233,1869,3473,2022-06-28T00:35:22Z,565,2022-06-28T10:00:22Z
RL477,4445,1065,2019,2022-06-26T22:56:09Z,770,2022-06-27T11:46:09Z
EF292,5976,6643,5184,2022-04-23T22:09:23Z,745,2022-04-24T10:34:23Z
YM661,4557,6932,338,2023-01-28T20:58:15Z,372,2023-01-29T03:10:15Z
WU504,3625,1964,5972,2022-12-28T10:20:09Z,210,2022-12-28T13:50:09Z
MU626,1620,6880,6943,2022-07-06T00:35:43Z,348,2022-07-06T06:23:43Z
QA531,3804,7550,3276,2022-04-29T23:07:54Z,147,2022-04-30T01:34:54Z
JU842,1814,703,2438,2023-03-18T23:38:34Z,173,2023-03-19T02:31:34Z
PA548,960,6859,2797,2022-08-02T00:40:09Z,274,2022-08-02T05:14:09Z
DP470,1524,4142,3500,2023-02-02T19:35:12Z,924,2023-02-03T10:59:12Z
CR781,837,3763,3748,2022-06-01T13:17:51Z,630,2022-06-01T23:47:51Z
BC224,953,5171,1493,2022-09-01T11:23:41Z,866,2022-09-02T01:49:41Z
KI063,4543,1262,3039,2023-02-19T07:48:36Z,763,2023-02-19T20:31:36Z
RB510,305,2090,3606,2022-07-09T23:40:46Z,733,2022-07-10T11:53:46Z
US355,185,5430,6546,2023-03-27T02:32:03Z,132,2023-03-27T04:44:03Z
RH133,1993,660,3948,2022-08-06T11:57:01Z,435,2022-08-06T19:12:01Z
NV319,3550,4912,3789,2023-03-20T14:57:34Z,536,2023-03-20T23:53:34Z
GH328,3041,5935,3014,2022-05-28T03:53:41Z,743,2022-05-28T16:16:41Z
FI774,5725,4413,408,2022-10-03T20:50:22Z,378,2022-10-04T03:08:22Z
ZL612,1930,7485,5086,2023-04-10T07:20:47Z,256,2023-04-10T11:36:47Z
RU275,4378,3784,6826,2022-11-07T19:02:11Z,130,2022-11-07T21:12:11Z
IC676,6102,1886,5385,2022-11-03T18:17:42Z,286,2022-11-03T23:03:42Z
KA751,174,2546,6224,2022-10-27T14:31:02Z,823,2022-10-28T04:14:02Z
EW263,1829,3005,38,2022-08-24T04:54:53Z,831,2022-08-24T18:45:53Z
RC235,195,964,2392,2023-03-01T12:07:14Z,907,2023-03-02T03:14:14Z
EU462,5426,1820,1359,2022-08-23T15:43:40Z,677,2022-08-24T03:00:40Z
KV358,3110,6731,4251,2022-05-25T13:30:29Z,266,2022-05-25T17:56:29Z
IJ663,1887,2175,4408,2022-05-21T19:19:32Z,246,2022-05-21T23:25:32Z
LT767,122,3703,326,2022-10-19T14:31:52Z,560,2022-10-19T23:51:52Z
KN166,315,1289,1557,2022-04-17T08:41:45Z,204,2022-04-17T12:05:45Z
BR191,2384,687,2835,2022-05-31T00:37:51Z,281,2022-05-31T05:18:51Z
ON329,3125,4526,2434,2022-08-09T17:39:38Z,409,2022-08-10T00:28:38Z
UT727,2460,6843,3091,2023-04-13T21:25:06Z,228,2023-04-14T01:13:06Z
TM948,6068,2677,3802,2022-06-24T22:21:57Z,774,2022-06-25T11:15:57Z
OD292,3962,435,5324,2022-10-09T13:09:35Z,498,2022-10-09T21:27:35Z
JN348,217,7550,3991,2022-08-17T12:12:23Z,255,2022-08-17T16:27:23Z
KF762,5853,888,4324,2022-10-01T04:01:55Z,653,2022-10-01T14:54:55Z
BQ497,5896,2733,396,2022-04-22T23:20:22Z,158,2022-04-23T01:58:22Z
UA432,2987,2270,6379,2022-08-09T15:22:36Z,564,2022-08-10T00:46:36Z
HH478,4363,4121,1822,2022-07-17T16:37:34Z,627,2022-07-18T03:04:34Z
EL267,2013,144,528,2022-07-16T16:47:59Z,510,2022-07-17T01:17:59Z
PA405,5120,6676,446,2023-01-19T10:22:00Z,621,2023-01-19T20:43:00Z
IO739,2622,4650,2824,2022-09-04T04:47:25Z,489,2022-09-04T12:56:25Z
VQ092,5411,2730,4216,2022-11-23T01:35:41Z,259,2022-11-23T05:54:41Z
OH522,4252,4339,7265,2022-11-29T04:10:18Z,748,2022-11-29T16:38:18Z
DG265,2007,6677,2499,2022-07-17T16:31:47Z,130,2022-07-17T18:41:47Z
ZO508,4742,5298,907,2023-03-22T21:31:38Z,273,2023-03-23T02:04:38Z
RW188,3045,5282,5314,2023-04-11T09:49:43Z,559,2023-04-11T19:08:43Z
XM969,5280,706,1658,2022-07-22T08:26:10Z,346,2022-07-22T14:12:10Z
WE141,4166,46,7436,2022-05-27T05:16:29Z,598,2022-05-27T15:14:29Z
ZV603,2322,2503,2502,2022-06-07T04:29:52Z,779,2022-06-07T17:28:52Z
YN741,6060,3482,7446,2022-11-15T08:14:39Z,816,2022-11-15T21:50:39Z
OK267,3125,2854,3791,2022-04-18T14:19:39Z,223,2022-04-18T18:02:39Z
LT220,737,2581,1627,2022-07-09T06:13:07Z,817,2022-07-09T19:50:07Z
FY970,1795,807,3014,2022-08-28T08:48:43Z,450,2022-08-28T16:18:43Z
FI172,2471,6911,132,2022-08-30T04:20:33Z,281,2022-08-30T09:01:33Z
EG426,342,2296,7359,2023-02-05T18:31:54Z,607,2023-02-06T04:38:54Z
FT776,3285,2954,2006,2022-11-19T03:47:10Z,373,2022-11-19T10:00:10Z
QT626,1730,5193,621,2023-01-22T23:56:57Z,670,2023-01-23T11:06:57Z
MC693,2911,2426,1597,2022-09-04T19:59:07Z,126,2022-09-04T22:05:07Z
KB758,1270,138,2358,2022-12-02T02:49:01Z,356,2022-12-02T08:45:01Z
YZ771,955,3120,3076,2022-08-26T22:50:25Z,695,2022-08-27T10:25:25Z
DB396,5181,3746,7418,2022-09-10T22:11:20Z,242,2022-09-11T02:13:20Z
WY013,5220,5182,5816,2022-11-05T22:27:01Z,899,2022-11-06T13:26:01Z
ZM294,3145,6391,3311,2022-05-11T13:46:41Z,503,2022-05-11T22:09:41Z
ZJ850,89,2562,1238,2022-07-10T09:51:37Z,147,2022-07-10T12:18:37Z
SX633,5596,4471,5240,2023-03-18T14:34:33Z,943,2023-03-19T06:17:33Z
LQ938,667,6227,1030,2022-05-04T11:59:32Z,263,2022-05-04T16:22:32Z
JS134,694,2023,141,2023-02-20T11:39:18Z,639,2023-02-20T22:18:18Z
TP019,1883,6065,4954,2022-07-04T18:01:13Z,753,2022-07-05T06:34:13Z
XE143,4834,6756,6149,2022-08-05T14:33:53Z,761,2022-08-06T03:14:53Z
YV981,1692,278,1996,2022-10-25T00:51:49Z,852,2022-10-25T15:03:49Z
WP639,4456,2948,2174,2023-03-18T21:00:24Z,140,2023-03-18T23:20:24Z
IY886,2769,3691,455,2022-11-08T07:50:50Z,804,2022-11-08T21:14:50Z
HH881,3373,2299,7105,2022-10-19T11:44:04Z,598,2022-10-19T21:42:04Z
LQ436,5914,7601,5899,2022-12-17T03:27:35Z,409,2022-12-17T10:16:35Z
ZC441,5962,608,5188,2022-12-20T20:55:19Z,679,2022-12-21T08:14:19Z
ES919,2488,7051,5993,2022-06-09T21:05:46Z,473,2022-06-10T04:58:46Z
AS860,1904,1629,2429,2022-12-20T15:19:51Z,691,2022-12-21T02:50:51Z
IK233,6030,660,5057,2022-07-21T21:55:51Z,958,2022-07-22T13:53:51Z
LH596,1521,6449,5733,2022-09-04T21:14:14Z,701,2022-09-05T08:55:14Z
ED976,260,851,2466,2023-02-22T04:22:19Z,500,2023-02-22T12:42:19Z
KV546,2613,3426,7515,2022-07-29T08:36:16Z,898,2022-07-29T23:34:16Z
OC576,1004,6943,1861,2022-08-24T06:04:51Z,368,2022-08-24T12:12:51Z
AF254,2765,4798,6211,2022-08-02T02:17:30Z,845,2022-08-02T16:22:30Z
IC060,5532,3473,1086,2022-11-04T15:49:18Z,504,2022-11-05T00:13:18Z
YS347,5212,1892,6949,2022-05-06T01:06:21Z,944,2022-05-06T16:50:21Z
DC744,2862,3951,265,2023-03-26T07:06:29Z,593,2023-03-26T16:59:29Z
PA138,4638,2229,6630,2022-08-09T11:15:33Z,219,2022-08-09T14:54:33Z
TI949,5478,4935,5479,2022-06-19T13:12:40Z,642,2022-06-19T23:54:40Z
XS432,1155,4856,3036,2022-10-09T16:14:29Z,683,2022-10-10T03:37:29Z
DA725,3471,412,1599,2023-01-22T20:35:42Z,430,2023-01-23T03:45:42Z
EU242,534,6068,5394,2023-02-24T00:56:24Z,350,2023-02-24T06:46:24Z
LV635,3730,3987,7335,2022-06-07T03:21:31Z,858,2022-06-07T17:39:31Z
WH540,1918,6638,4170,2023-03-01T03:25:25Z,379,2023-03-01T09:44:25Z
SO306,5379,4237,4181,2022-07-28T00:00:20Z,453,2022-07-28T07:33:20Z
BG100,2010,4940,3598,2023-03-10T16:57:37Z,167,2023-03-10T19:44:37Z
JK591,1993,4974,3559,2022-07-25T10:30:54Z,622,2022-07-25T20:52:54Z
RK209,1963,6348,6737,2023-04-08T12:38:56Z,203,2023-04-08T16:01:56Z
KX465,4697,848,1041,2022-06-25T13:46:51Z,564,2022-06-25T23:10:51Z
KO302,3854,4972,4828,2022-10-07T07:41:38Z,371,2022-10-07T13:52:38Z
XY131,4,393,4729,2022-06-18T15:04:53Z,690,2022-06-19T02:34:53Z
VA906,3172,4748,4076,2023-04-13T23:02:48Z,836,2023-04-14T12:58:48Z
DK214,2922,1641,4075,2022-05-04T15:31:36Z,224,2022-05-04T19:15:36Z
FC550,2261,6843,3707,2022-12-04T20:28:00Z,718,2022-12-05T08:26:00Z
YT824,3464,1179,336,2022-12-12T02:32:58Z,282,2022-12-12T07:14:58Z
HM947,1122,968,843,2022-10-28T10:38:10Z,835,2022-10-29T00:33:10Z
TE451,3544,7124,5227,2022-09-09T09:19:36Z,324,2022-09-09T14:43:36Z
FH863,5112,5291,6266,2022-06-19T15:06:38Z,393,2022-06-19T21:39:38Z
CV374,2270,6096,460,2023-02-05T13:58:50Z,678,2023-02-06T01:16:50Z
HC416,2266,2626,181,2023-03-24T03:58:03Z,740,2023-03-24T16:18:03Z
MK298,5925,6946,350,2022-08-09T10:29:08Z,928,2022-08-10T01:57:08Z
ZU563,5320,5336,5933,2022-09-07T03:09:55Z,342,2022-09-07T08:51:55Z
FK033,405,3676,3513,2022-07-30T16:19:02Z,307,2022-07-30T21:26:02Z
JW538,5074,637,6613,2022-09-04T12:15:38Z,162,2022-09-04T14:57:38Z
EI378,3930,4370,469,2022-04-27T12:23:13Z,824,2022-04-28T02:07:13Z
LV770,567,5177,3548,2022-04-27T00:13:49Z,876,2022-04-27T14:49:49Z
FK372,4271,4299,1620,2023-04-12T12:36:54Z,175,2023-04-12T15:31:54Z
TG718,5038,5550,5968,2022-07-10T16:39:36Z,664,2022-07-11T03:43:36Z
WY319,1942,1007,672,2022-07-11T13:05:46Z,469,2022-07-11T20:54:46Z
RP451,4576,5544,7433,2022-05-08T22:09:54Z,366,2022-05-09T04:15:54Z
SM140,4766,1759,4420,2023-01-26T21:07:55Z,293,2023-01-27T02:00:55Z
ZW284,2571,1002,659,2022-08-11T12:00:31Z,563,2022-08-11T21:23:31Z
LR839,1661,7074,6825,2022-09-22T10:57:25Z,939,2022-09-23T02:36:25Z
QB121,2679,5790,7019,2023-03-15T08:11:38Z,370,2023-03-15T14:21:38Z
RL151,2232,5566,3283,2022-06-30T00:58:39Z,806,2022-06-30T14:24:39Z
QR917,2747,3479,3746,2022-09-24T05:11:57Z,540,2022-09-24T14:11:57Z
IK471,2477,5013,1151,2022-08-16T04:09:46Z,216,2022-08-16T07:45:46Z
YE033,1020,3993,5264,2022-05-05T04:24:46Z,885,2022-05-05T19:09:46Z
IC553,3103,3268,4173,2022-11-14T21:04:52Z,646,2022-11-15T07:50:52Z
SW980,4751,2422,3272,2022-10-20T22:22:19Z,635,2022-10-21T08:57:19Z
DO716,1645,4236,1300,2022-12-31T12:23:01Z,758,2023-01-01T01:01:01Z
KQ821,4964,2243,5948,2022-11-02T11:38:35Z,760,2022-11-03T00:18:35Z
MW068,140,1836,75,2023-03-02T01:33:32Z,566,2023-03-02T10:59:32Z
PN660,6001,5435,7081,2022-09-17T18:04:40Z,639,2022-09-18T04:43:40Z
RT989,699,3989,7639,2023-02-22T21:35:52Z,280,2023-02-23T02:15:52Z
DX987,4005,245,5920,2023-01-17T19:15:27Z,420,2023-01-18T02:15:27Z
KZ596,4309,646,1377,2022-11-18T16:23:01Z,574,2022-11-19T01:57:01Z
DJ858,458,6881,3016,2022-05-15T10:20:54Z,912,2022-05-16T01:32:54Z
VN459,5101,1831,6702,2022-05-07T10:49:41Z,601,2022-05-07T20:50:41Z
LF164,1554,1689,6592,2022-05-28T00:04:46Z,639,2022-05-28T10:43:46Z
NP563,2845,2578,2077,2022-07-04T19:17:10Z,197,2022-07-04T22:34:10Z
DZ606,3753,2755,3137,2022-04-19T04:22:59Z,256,2022-04-19T08:38:59Z
HD398,6117,2641,2259,2022-11-02T02:11:18Z,929,2022-11-02T17:40:18Z
CC345,1672,1502,7470,2023-01-30T13:59:27Z,917,2023-01-31T05:16:27Z
OY431,2555,1997,4921,2022-11-17T00:22:07Z,822,2022-11-17T14:04:07Z
YC221,2258,7033,709,2023-03-24T09:05:40Z,541,2023-03-24T18:06:40Z
RA773,3280,5151,7672,2023-01-28T01:01:09Z,946,2023-01-28T16:47:09Z
KZ863,5082,98,2436,2022-09-03T03:10:04Z,141,2022-09-03T05:31:04Z
OX954,2095,139,7596,2022-07-02T03:14:07Z,532,2022-07-02T12:06:07Z
RW726,1408,6215,2469,2022-08-29T09:35:48Z,637,2022-08-29T20:12:48Z
UV255,5744,4185,7398,2022-05-25T07:27:06Z,257,2022-05-25T11:44:06Z
ZA856,1195,4003,4535,2022-10-13T19:48:08Z,714,2022-10-14T07:42:08Z
GL960,5846,6349,2295,2023-03-07T00:30:08Z,362,2023-03-07T06:32:08Z
ZJ250,1616,2794,728,2022-12-29T02:27:43Z,659,2022-12-29T13:26:43Z
OF525,452,4728,6268,2022-12-19T15:36:52Z,614,2022-12-20T01:50:52Z
GJ891,4851,6761,4711,2022-05-08T06:37:49Z,290,2022-05-08T11:27:49Z
BH926,711,2463,5424,2022-08-20T19:04:37Z,605,2022-08-21T05:09:37Z
MN708,4525,5038,6665,2022-10-27T07:44:38Z,878,2022-10-27T22:22:38Z
AQ597,614,3432,6558,2022-12-13T02:36:11Z,467,2022-12-13T10:23:11Z
LD750,1670,5838,7093,2022-12-22T22:56:45Z,261,2022-12-23T03:17:45Z
LS928,6147,3015,4303,2023-03-10T19:40:18Z,418,2023-03-11T02:38:18Z
CZ420,3573,280,6610,2022-10-24T21:19:02Z,543,2022-10-25T06:22:02Z
IJ395,5236,6584,6937,2023-01-09T12:14:03Z,650,2023-01-09T23:04:03Z
WB651,5914,5618,6532,2022-07-01T13:51:07Z,364,2022-07-01T19:55:07Z
AZ405,4105,1619,5273,2023-01-28T12:16:30Z,648,2023-01-28T23:04:30Z
TF579,2549,1059,514,2023-01-08T15:27:29Z,401,2023-01-08T22:08:29Z
AK013,5733,5695,2295,2023-01-08T19:04:00Z,432,2023-01-09T02:16:00Z
EB649,5781,4936,2471,2022-08-07T19:48:21Z,332,2022-08-08T01:20:21Z
ZU507,2587,4423,5459,2022-04-22T18:03:51Z,331,2022-04-22T23:34:51Z
JK754,3914,2358,1692,2022-10-20T23:40:51Z,162,2022-10-21T02:22:51Z
UC938,1523,6606,3282,2022-10-09T17:27:05Z,627,2022-10-10T03:54:05Z
YS231,771,4009,1028,2022-10-17T14:41:43Z,255,2022-10-17T18:56:43Z
SA118,5967,5070,5045,2022-06-05T21:41:45Z,528,2022-06-06T06:29:45Z
RI303,486,7137,5347,2023-02-28T00:14:07Z,366,2023-02-28T06:20:07Z
QK199,230,6066,5689,2023-04-04T10:44:19Z,818,2023-04-05T00:22:19Z
BX021,3754,5138,4172,2022-10-18T09:54:46Z,511,2022-10-18T18:25:46Z
HU866,3572,5814,7018,2022-10-17T08:35:39Z,348,2022-10-17T14:23:39Z
VJ284,4296,6128,5793,2023-01-13T05:52:33Z,264,2023-01-13T10:16:33Z
FN203,3193,230,4372,2022-04-27T17:25:21Z,351,2022-04-27T23:16:21Z
RI247,1463,7153,5621,2023-01-23T04:44:58Z,689,2023-01-23T16:13:58Z
IO285,991,2335,2560,2023-03-24T18:53:32Z,807,2023-03-25T08:20:32Z
IW030,1892,4700,5856,2022-10-27T00:02:38Z,321,2022-10-27T05:23:38Z
OI043,1322,5831,2818,2022-09-30T12:41:04Z,335,2022-09-30T18:16:04Z
KI214,1253,5222,5316,2023-01-15T12:18:42Z,385,2023-01-15T18:43:42Z
HN636,1245,7597,1817,2023-03-24T01:36:48Z,842,2023-03-24T15:38:48Z
AU885,3658,3105,5465,2022-12-27T19:48:36Z,209,2022-12-27T23:17:36Z
PY699,6102,2028,1416,2022-08-12T15:21:41Z,321,2022-08-12T20:42:41Z
TD542,4835,4880,4073,2022-08-16T11:05:25Z,282,2022-08-16T15:47:25Z
ZL997,2578,2238,4071,2023-01-29T19:38:42Z,839,2023-01-30T09:37:42Z
FY539,1687,4871,1202,2023-03-28T15:23:50Z,614,2023-03-29T01:37:50Z
RS004,1409,4057,4562,2022-12-28T06:20:16Z,252,2022-12-28T10:32:16Z
SM702,4026,3966,672,2023-04-13T13:47:09Z,508,2023-04-13T22:15:09Z
FW481,4868,180,4323,2022-08-21T04:50:38Z,889,2022-08-21T19:39:38Z
TK735,827,440,2247,2022-05-19T23:51:20Z,369,2022-05-20T06:00:20Z
SD442,2008,7138,893,2022-11-19T15:00:59Z,623,2022-11-20T01:23:59Z
VD366,5632,3988,744,2022-06-29T15:40:37Z,494,2022-06-29T23:54:37Z
MY707,452,2258,3703,2023-03-23T16:15:34Z,478,2023-03-24T00:13:34Z
KH116,3615,3947,5339,2022-12-01T15:19:55Z,804,2022-12-02T04:43:55Z
OT825,4099,3577,3229,2022-04-18T07:59:24Z,127,2022-04-18T10:06:24Z
UT764,2861,918,5261,2022-10-07T21:45:47Z,421,2022-10-08T04:46:47Z
ZC224,3692,1341,2170,2023-03-28T21:05:31Z,344,2023-03-29T02:49:31Z
YR169,2548,6023,2144,2022-06-17T13:25:12Z,716,2022-06-18T01:21:12Z
UX773,5615,208,374,2022-06-02T22:25:50Z,825,2022-06-03T12:10:50Z
GH805,3275,205,4116,2022-06-02T08:21:00Z,367,2022-06-02T14:28:00Z
HC415,2439,7631,2111,2022-09-29T07:09:04Z,699,2022-09-29T18:48:04Z
DW562,2978,631,564,2022-11-05T20:08:32Z,386,2022-11-06T02:34:32Z
RL063,1872,6832,2288,2023-01-07T09:57:32Z,702,2023-01-07T21:39:32Z
KX175,3144,4478,4224,2022-10-14T00:04:02Z,482,2022-10-14T08:06:02Z
FK283,3919,2844,6405,2022-09-22T15:33:21Z,127,2022-09-22T17:40:21Z
SZ858,2890,4891,666,2022-12-22T15:17:15Z,571,2022-12-23T00:48:15Z
YX654,3714,257,2647,2023-03-07T17:26:13Z,855,2023-03-08T07:41:13Z
XR904,2954,7358,6639,2022-08-30T07:06:32Z,702,2022-08-30T18:48:32Z
HJ016,1345,61,38,2022-11-27T05:08:53Z,715,2022-11-27T17:03:53Z
CM746,4564,985,5552,2022-08-24T06:31:51Z,346,2022-08-24T12:17:51Z
YN361,6097,6335,3777,2023-04-02T23:49:04Z,188,2023-04-03T02:57:04Z
XA160,860,7488,3572,2023-03-31T05:03:46Z,550,2023-03-31T14:13:46Z
QF176,270,819,7594,2022-09-21T14:56:48Z,530,2022-09-21T23:46:48Z
LU481,1758,2425,688,2022-06-26T05:18:09Z,668,2022-06-26T16:26:09Z
PB794,5276,5673,4609,2022-12-09T17:11:28Z,449,2022-12-10T00:40:28Z
YN927,607,302,6155,2023-04-11T11:39:45Z,854,2023-04-12T01:53:45Z
XV244,3901,2722,1753,2023-03-02T21:58:09Z,248,2023-03-03T02:06:09Z
AQ255,583,1712,5752,2023-01-24T14:53:00Z,221,2023-01-24T18:34:00Z
EA085,2070,640,1897,2022-10-02T03:49:08Z,842,2022-10-02T17:51:08Z
KP562,3207,5720,627,2022-09-04T14:44:46Z,736,2022-09-05T03:00:46Z
LN560,789,4343,3011,2022-09-03T08:38:22Z,367,2022-09-03T14:45:22Z
SP697,374,3599,7062,2022-08-11T18:59:33Z,573,2022-08-12T04:32:33Z
TO057,767,4876,1204,2022-11-12T21:05:35Z,200,2022-11-13T00:25:35Z
ZL301,5950,2305,2959,2023-04-02T21:09:48Z,262,2023-04-03T01:31:48Z
QB609,1259,7425,4394,2022-04-20T12:08:30Z,247,2022-04-20T16:15:30Z
KK103,5313,3478,4503,2023-03-17T21:46:36Z,654,2023-03-18T08:40:36Z
DJ772,2888,6340,3397,2022-06-10T05:48:45Z,520,2022-06-10T14:28:45Z
LU640,5473,1875,2943,2022-10-11T09:42:42Z,202,2022-10-11T13:04:42Z
VP462,425,4262,3810,2022-08-23T21:07:26Z,594,2022-08-24T07:01:26Z
DD604,3238,4963,3516,2022-05-01T15:03:07Z,612,2022-05-02T01:15:07Z
YZ199,4590,6916,6925,2022-04-25T08:42:36Z,597,2022-04-25T18:39:36Z
CO548,4672,7370,1606,2022-11-21T19:53:47Z,586,2022-11-22T05:39:47Z
BN307,5191,2987,3480,2023-01-03T09:47:34Z,691,2023-01-03T21:18:34Z
CL331,904,3282,6504,2022-07-12T01:20:23Z,872,2022-07-12T15:52:23Z
OC640,5966,6477,2824,2023-01-30T19:14:45Z,482,2023-01-31T03:16:45Z
BW508,4464,7135,450,2022-08-01T06:30:17Z,643,2022-08-01T17:13:17Z
PB105,2329,5235,6167,2022-05-06T06:31:00Z,672,2022-05-06T17:43:00Z
FC950,4051,3391,5395,2022-05-31T04:03:30Z,723,2022-05-31T16:06:30Z
IE687,2597,4664,1933,2023-01-17T10:34:25Z,520,2023-01-17T19:14:25Z
HP143,4990,4570,4360,2022-08-01T13:01:41Z,328,2022-08-01T18:29:41Z
RQ472,5602,6392,1079,2022-08-05T01:10:17Z,127,2022-08-05T03:17:17Z
ZZ299,4184,6503,4711,2022-09-16T19:18:56Z,773,2022-09-17T08:11:56Z
GP212,1369,1944,839,2023-02-07T11:34:27Z,756,2023-02-08T00:10:27Z
PI346,5666,4932,3193,2022-10-28T09:21:48Z,275,2022-10-28T13:56:48Z
KL136,1156,2298,7470,2022-11-21T13:33:18Z,185,2022-11-21T16:38:18Z
IV467,2990,761,7441,2022-08-03T15:40:23Z,342,2022-08-03T21:22:23Z
QS760,5192,1407,3258,2022-09-02T08:03:56Z,718,2022-09-02T20:01:56Z
WN476,4981,2899,212,2022-12-31T08:50:17Z,312,2022-12-31T14:02:17Z
PR239,506,514,4843,2023-01-31T14:00:44Z,679,2023-02-01T01:19:44Z
ST565,3230,1833,3328,2022-09-11T14:49:54Z,786,2022-09-12T03:55:54Z
QP600,3696,2252,6874,2022-09-17T23:25:40Z,845,2022-09-18T13:30:40Z
JT587,2231,1023,3495,2022-10-05T00:06:24Z,440,2022-10-05T07:26:24Z
NA068,5076,4556,4507,2022-09-08T00:57:23Z,446,2022-09-08T08:23:23Z
FX085,779,5394,5731,2022-05-05T00:01:01Z,501,2022-05-05T08:22:01Z
JI913,928,6157,6451,2022-06-21T15:10:02Z,627,2022-06-22T01:37:02Z
WB661,5067,5179,674,2022-07-28T19:50:11Z,644,2022-07-29T06:34:11Z
NH777,929,1602,1131,2022-10-05T05:28:33Z,871,2022-10-05T19:59:33Z
AL091,3022,6545,3771,2022-08-16T21:25:31Z,873,2022-08-17T11:58:31Z
XX935,1010,6835,4456,2022-11-16T00:54:48Z,917,2022-11-16T16:11:48Z
UM646,4314,6964,6386,2022-09-25T22:51:49Z,575,2022-09-26T08:26:49Z
JB097,105,389,4228,2022-10-28T11:14:13Z,785,2022-10-29T00:19:13Z
XO157,5112,4092,999,2022-10-24T22:44:51Z,767,2022-10-25T11:31:51Z
KW390,5637,5254,5573,2022-05-22T08:34:09Z,518,2022-05-22T17:12:09Z
PR455,5782,5358,6444,2023-03-10T23:19:34Z,458,2023-03-11T06:57:34Z
UQ576,896,2217,7553,2023-04-08T08:15:50Z,228,2023-04-08T12:03:50Z
OQ058,1103,3722,3188,2023-03-01T07:27:56Z,697,2023-03-01T19:04:56Z
MD382,5826,3939,1882,2022-08-13T16:56:23Z,317,2022-08-13T22:13:23Z
UJ860,4152,3739,5134,2022-12-10T10:12:28Z,152,2022-12-10T12:44:28Z
UK482,3950,7673,3542,2022-10-18T08:43:39Z,885,2022-10-18T23:28:39Z
SW666,1960,4527,2737,2022-08-05T05:44:56Z,313,2022-08-05T10:57:56Z
JQ950,922,6133,3577,2022-06-21T09:48:08Z,186,2022-06-21T12:54:08Z
ER086,3934,3932,6227,2023-01-11T16:50:59Z,895,2023-01-12T07:45:59Z
US720,1894,4380,5924,2022-10-20T13:24:44Z,408,2022-10-20T20:12:44Z
SZ037,3361,5174,6165,2023-01-13T12:57:34Z,887,2023-01-14T03:44:34Z
LE852,4807,7681,1838,2022-07-20T05:29:41Z,550,2022-07-20T14:39:41Z
PA407,1814,5035,4701,2022-07-09T18:00:17Z,516,2022-07-10T02:36:17Z
FE623,1900,3713,6773,2023-02-24T11:14:12Z,892,2023-02-25T02:06:12Z
IO048,3689,874,951,2022-12-22T05:14:12Z,739,2022-12-22T17:33:12Z
CU417,4001,3926,4349,2022-05-11T10:21:59Z,390,2022-05-11T16:51:59Z
CH524,5650,5159,4082,2023-02-16T00:24:05Z,772,2023-02-16T13:16:05Z
PF524,3790,7378,35,2023-02-12T20:43:34Z,324,2023-02-13T02:07:34Z
YW244,5623,1719,2049,2023-03-06T09:35:23Z,777,2023-03-06T22:32:23Z
JI514,3705,4467,1609,2022-05-01T09:32:13Z,753,2022-05-01T22:05:13Z
AY308,4239,3714,5176,2022-08-04T07:37:21Z,906,2022-08-04T22:43:21Z
JB546,1876,6959,3053,2022-07-03T15:30:44Z,192,2022-07-03T18:42:44Z
WI659,2421,1139,6518,2022-05-30T12:11:27Z,611,2022-05-30T22:22:27Z
ZK948,2254,6524,1721,2022-08-20T13:51:45Z,956,2022-08-21T05:47:45Z
OK484,4139,1107,3920,2022-06-24T16:26:26Z,671,2022-06-25T03:37:26Z
IN619,2202,6694,6414,2023-03-29T21:38:19Z,906,2023-03-30T12:44:19Z
RG786,2496,2880,4817,2022-11-15T13:47:17Z,577,2022-11-15T23:24:17Z
NP366,3724,3574,3704,2022-10-21T10:48:47Z,362,2022-10-21T16:50:47Z
UW137,3387,5066,7245,2022-08-10T06:41:04Z,778,2022-08-10T19:39:04Z
EQ589,5760,4658,1747,2023-04-01T05:41:42Z,212,2023-04-01T09:13:42Z
VM473,1351,1341,1427,2022-06-21T00:20:07Z,342,2022-06-21T06:02:07Z
NT656,3574,901,4809,2023-03-29T05:39:16Z,734,2023-03-29T17:53:16Z
CO515,4553,3322,2253,2022-09-15T07:18:48Z,623,2022-09-15T17:41:48Z
FG805,1233,2436,6727,2022-11-29T10:14:15Z,452,2022-11-29T17:46:15Z
XW421,5514,6751,2991,2022-12-28T03:47:55Z,138,2022-12-28T06:05:55Z
FG168,5316,7654,847,2022-05-10T09:57:42Z,526,2022-05-10T18:43:42Z
ZG570,5121,97,6476,2022-05-11T07:14:41Z,734,2022-05-11T19:28:41Z
VT615,2781,3012,5656,2023-01-09T11:45:57Z,306,2023-01-09T16:51:57Z
FC661,5716,3117,5534,2022-10-19T16:19:03Z,132,2022-10-19T18:31:03Z
NC254,814,2460,469,2022-05-02T17:07:52Z,309,2022-05-02T22:16:52Z
TG018,1140,4839,5291,2023-01-17T00:09:15Z,179,2023-01-17T03:08:15Z
WK876,3453,1839,7554,2023-04-13T06:33:31Z,264,2023-04-13T10:57:31Z
FQ395,4838,3651,6361,2022-08-27T03:04:10Z,290,2022-08-27T07:54:10Z
YD412,2972,5658,3770,2022-05-07T11:39:43Z,892,2022-05-08T02:31:43Z
YK219,4316,1763,4069,2023-02-11T23:04:20Z,390,2023-02-12T05:34:20Z
TI743,1278,4068,2845,2023-02-11T08:53:55Z,543,2023-02-11T17:56:55Z
YP266,2109,2537,792,2023-01-28T05:21:40Z,161,2023-01-28T08:02:40Z
HV932,3213,2531,4138,2022-12-26T18:54:09Z,371,2022-12-27T01:05:09Z
XK956,1120,7087,995,2022-08-11T00:12:17Z,483,2022-08-11T08:15:17Z
YD802,5911,4519,4073,2022-06-13T09:30:54Z,243,2022-06-13T13:33:54Z
RA944,2321,876,3788,2022-05-17T00:42:06Z,759,2022-05-17T13:21:06Z
HG846,4241,864,5087,2022-06-25T03:11:32Z,507,2022-06-25T11:38:32Z
CY911,1729,2342,157,2023-02-03T14:01:01Z,574,2023-02-03T23:35:01Z
GJ321,994,715,2456,2022-08-30T00:06:21Z,893,2022-08-30T14:59:21Z
